,acc_x_t0.25,acc_x_t0.5,acc_x_t0.75,acc_x_t1.0,acc_y_t0.25,acc_y_t0.5,acc_y_t0.75,acc_y_t1.0,acc_z_t0.25,acc_z_t0.5,acc_z_t0.75,acc_z_t1.0,gyro_x_t0.25,gyro_x_t0.5,gyro_x_t0.75,gyro_x_t1.0,gyro_y_t0.25,gyro_y_t0.5,gyro_y_t0.75,gyro_y_t1.0,gyro_z_t0.25,gyro_z_t0.5,gyro_z_t0.75,gyro_z_t1.0,flex_t0.25,flex_t0.5,flex_t0.75,flex_t1.0,label
0,0.08204167484461457,0.08135342294694886,0.06927945216120203,0.061394829287077554,-0.11595274156452624,-0.11872403269821212,-0.08201268124213726,-0.11134785770231187,0.10035941271831424,0.10098949486600416,0.1255986967086843,0.10976567071436581,-0.01810692347828817,0.0021075335533573937,0.00950650423762183,0.02104403374042145,0.0017408397457530458,0.002187883034994022,0.11547441108315488,-0.03447645763417376,0.002366121109505092,-0.002248661257066516,0.07652988058167401,0.022394624605384647,0.0,0.0,0.0,0.0,left
1,0.07462152111572709,0.07400472673225784,0.06794172655549413,0.06451554335622849,-0.1256990677274611,-0.1266637139026902,-0.1410607735702301,-0.0829701414771983,0.098703096417799,0.10008686042487742,0.09092705156976601,0.11832455712730754,-0.005141473148814762,-0.004856489578034236,0.2798080750777563,0.014009143139121374,-0.003935811469567484,-0.002734853888166952,0.17214769499260757,-0.05398935795367886,0.0004929420271615355,0.001124330628533258,-0.04184194490139591,0.04523602768753313,0.0,0.0,0.0,0.0,left
2,0.07627610982187027,0.07519163622663537,0.07325580369418588,0.06711406812997493,-0.12312355804353838,-0.12317465405270853,-0.11717396578169903,-0.11809538830567758,0.09934632239737655,0.10111146918850203,0.09914296220104399,0.10670893140335853,0.00324136331558704,-0.018784535840817497,0.017745466816208685,0.27527055106079934,-0.0010596412821432485,-0.004807585582053603,0.0028544237748135744,0.09833188231904257,-0.0030562404131839506,0.002248661257066516,0.003126122637530327,-0.0031274295541224963,0.0,0.0,0.0,0.0,left
3,0.07723066877945359,0.0770856200924146,0.0817239787218883,0.0804921179256029,-0.10847016621044041,-0.11075690388020151,-0.213786337275528,-0.09039787760364405,0.10475745893562212,0.10567344199186475,0.06183935903090044,0.11146115217835474,-0.00827106460765317,0.0001832637349784562,0.08714290700724972,0.008490387129050038,-0.0012110186081637127,-0.0020151554567864175,-0.028855631438249856,0.056510690113467855,0.003844947449685648,-0.001686496352556004,0.1691713074976979,-0.07315950663438972,0.0,0.0,0.0,0.0,left
4,0.07385786969687498,0.06891618769138325,0.07287535093961199,0.06615672455041326,-0.1139465553122814,-0.12660877277660587,-0.12447381090754489,-0.05818384586624341,0.10431524443291362,0.10232311520962582,0.099718961141303,0.12412014063519355,0.19246990551374704,0.1045519854505203,0.07579850893912751,0.004548422074112154,0.03852553394086749,0.03457431131402498,-0.006798718655928102,-0.032612860859373156,-0.07492718140245871,-0.08557404110123669,0.04893583600028008,0.04959209585462013,0.0,0.0,0.0,0.0,left
5,0.08720904306633563,0.08344945819793263,0.0807176191612717,0.07110511153951934,-0.09137682975416295,-0.09362757347905222,-0.08922160001826199,-0.10207001164570831,0.10763589653753212,0.10955232870023192,0.10747888152186592,0.10961080187840343,-0.009165233595892717,0.0072389193349644615,0.0007605200895591444,0.057188831026600016,-0.007039047149504706,-0.0008348501501856042,0.002543032127428994,0.19403283748067715,0.009267310265854438,-0.0009369426002004986,0.0019838854137939955,0.09672692474127942,0.0,0.0,0.48547329903239284,0.0,left
6,0.07849070531571954,0.06687067583438204,0.07221263935348518,0.06620645290767482,-0.08489735884970945,-0.08453403682876419,-0.11821308686285581,-0.06097264760035499,0.1118329581439796,0.11763538962014809,0.10569489668455034,0.12158509630906555,0.02481319089008476,0.01401968354021881,0.06375693801347587,-0.001698077425810008,0.024220372163274252,0.04246221047303313,-0.02133033159084789,-0.03480532173103155,-0.015576962677428774,-0.08688575238249262,0.16694696852484261,0.0742764821347798,0.0,0.0,0.0,0.0,left
7,0.07492697743048249,0.07245164392984313,0.07031035507655994,0.06523666685275822,-0.07474438279858464,-0.07894330678473373,-0.10400309956779706,-0.04021310595657517,0.11498477081711138,0.11684660512583939,0.10810287591865153,0.12619057845343437,0.33061901126388205,0.1259021943456715,0.3149821066653748,-0.04293711176344275,0.12102619151755167,0.04223189041672427,0.12383012814968673,0.027789444065215576,-0.06467398734097715,-0.07501785484824763,-0.037333117283663064,-0.14592809675585133,0.0,0.0,0.0,0.0,left
8,0.08143076221510379,0.08064634857554714,0.06994218425138458,0.06834495921863329,-0.08202363320857549,-0.08186918566808635,-0.09202723127754517,-0.03870307605989262,0.11176864091922357,0.11284574409497433,0.10925486043368457,0.12619873589563815,-0.004917930901754876,-0.011912145178020242,0.2730267604619994,0.03978353462720001,-0.0034059903319781505,-0.0004318191343678603,0.1091427666205617,0.0027953879709280874,-0.007591307166548457,-0.00012492562539258422,0.0929420490769806,-0.0919799034256637,0.0,0.0,0.0,0.0,left
9,0.09112913310813277,0.09352551058707953,0.07142716998554033,0.08204626410854043,-0.10180093592677418,-0.08572910959389222,-0.07671317240855749,-0.059462617703672435,0.10813440876140865,0.10904815548705572,0.11363881969669266,0.11821044826549529,0.03252540501261903,0.2950546253374175,0.037265491955066336,0.0030929271377035748,-0.02081438977557944,0.07695016498536172,-0.0450480011877071,-0.024062264898159998,-0.05639256087074984,-0.045035696558905075,0.17241770187320768,0.0408241268650909,0.0,0.0,0.0,0.0,left
10,0.07963617181203408,0.07858820059620959,0.0722862694177091,0.08081539379196113,-0.09057707289564543,-0.08765220965341203,-0.0880655767304351,-0.09794802708705684,0.10916356495553099,0.11289451752087849,0.11083884415391188,0.10908912051195853,-0.14284352373357753,0.005223017047991149,-0.009189618822863087,0.03553834504102846,-0.047078359315753916,-0.0004893949937703952,0.09289850473185055,-0.04598687361474389,0.09592651465693476,0.0016240331301035952,-0.09071763122965373,0.016419006441389127,0.0,0.0,0.0,0.0,left
11,0.08723451725116521,0.08589903063461725,0.07103445580562366,0.06922771026230264,-0.08253871702774415,-0.08325655237450962,-0.07851863552170764,-0.033846474991050236,0.11011232461870833,0.11128441027180414,0.1120868329474831,0.12915766761080638,0.02749570078767815,-0.0043983308416932435,-0.041511723252753235,0.032384767904785706,-0.006433537845422849,0.0014681846036134873,0.05387076112572098,-0.012277782319541545,-0.015478373651126191,0.005809042810023517,-0.017193672534555008,-0.050764882029005066,0.0,0.0,0.0,0.0,left
12,0.08323806844666104,0.08327267905740078,0.08219034347008466,0.08250630334340749,-0.08154917814299407,-0.08309170604674691,-0.10980919186388047,-0.07595053321021353,0.11154350376656882,0.1119105713933907,0.10269493339016626,0.11414292151667575,-0.030178210685271534,-0.038210498961795625,0.07896733814165474,0.08817877229394223,-0.0068876698234842425,-0.0022166711535441383,0.1870944831725099,-0.09888000113259356,0.006506834344618749,-0.0023111244795189253,-0.21101326817398813,0.18423911667050605,0.0,0.0,0.0,0.0,left
13,0.08622903118784997,0.08646721313713332,0.08346672094096717,0.07673731537116947,-0.08530403138491925,-0.08754232740124332,-0.08316870452996414,-0.12929139211842466,0.10987112159286892,0.11041431409113435,0.10910286813860788,0.10349730963795445,0.014083164497647592,-0.00696402313139163,0.054060302526998796,0.11468089215412855,0.005828028541340993,-0.005153039227678019,0.04167458997209954,0.09646826397042353,0.003549181664257638,0.0018114219779485883,0.001202354557225235,-0.06087317912170567,0.0,0.0,0.0,0.0,left
14,0.08470172835014576,0.08535607818604819,0.07348899632031193,0.07699842040491124,-0.084056927943565,-0.08336643462667832,-0.08961125957329605,-0.07035933835924504,0.110136450294494,0.11193497169225526,0.10907886372760209,0.11715891447196729,0.032860720582864926,-0.017684958239787933,0.04379328160897605,0.0743515433452572,0.006130782200346504,-0.0024469745911542776,0.08163652826676833,-0.05157764955660007,-0.00019717675912542433,0.003060678231874431,0.025369689833644335,0.1874782166643231,0.0,0.0,0.0,0.0,left
15,0.08116347464973828,0.07899224008053016,0.07324354226884311,0.08271765924780862,-0.07776723906534407,-0.07285806070692483,-0.07838875623696276,-0.11982308487886835,0.11307921855416436,0.115610558805851,0.11347882147611904,0.10523353745765911,0.0775691699948422,0.13222485872288925,0.04208211699931897,-0.06519405795087135,0.020208876499355915,0.020957614333313473,-0.009030362540521739,-0.005371529854690337,-0.014393907296595218,-0.05677870862385692,0.09095811949348252,-0.008153655911099084,0.0,0.0,0.0,0.0,left
16,0.06972141919544429,-0.02572045784678139,-0.18293702143283497,-0.1847688479892536,-0.07563903067021843,-0.027527822068734067,-0.014534715888040154,-0.08767707823938865,0.12292057335510016,0.09916796364647851,0.04619151702021872,0.025668501796621338,-0.0887462823478365,0.2304542158625006,0.061982388005846975,-0.21656556952955672,0.11035413918836212,0.9171546332789449,0.3632384380428393,-0.01578572115244953,0.14285461954621867,0.786906710211312,0.12342174775069396,0.07824155319061732,0.0,0.0,0.0,0.0,left
17,-0.17679815750827663,-0.1826569414777127,-0.15808479359560224,-0.17898743831373976,-0.04603407634085088,-0.0393411510057843,-0.07499861394432902,-0.02021538631654169,0.06244121166960759,0.0510192451712904,0.053967435886290493,0.057083683303209155,0.004806159045006244,-0.02758119271536281,-0.026998462722023525,-0.14682304415134373,0.0024220372163274253,-0.013127298965359527,-0.005501253118037428,-0.009208338537474362,0.03204122659158082,-0.014054134905446311,0.2994464580834472,0.04004226453075419,0.0,0.0,0.0,0.0,left
18,-0.17437991738328137,-0.18213924017845348,-0.16900750913799295,-0.1766748827523658,-0.05012779694059442,-0.03431362487789256,-0.03566784630126594,-0.0695975163554987,0.05640291502496914,0.04975881213834994,0.06209534816452724,0.06924546272021442,0.052979522818254694,-0.03142973235212069,0.007098188389487489,0.023773088735364264,0.038449844781339546,-0.006966679365404413,0.04852520349092092,-0.08002484338934966,0.012816491930112075,0.02848304914560708,0.001202354557225235,0.06958530080163942,0.0,0.0,0.0,0.0,left
19,-0.17681089460069144,-0.174689539366523,-0.17889932176502574,-0.16887930843112642,-0.020888845628213696,-0.026085491286716802,-0.04743590773592605,-0.04365488499214659,0.06318091348631918,0.06564846065864212,0.053151446297913546,0.06437911946497156,0.11132406543169616,-0.03408706191925462,0.00703481130653574,-0.12007832429700077,-0.02126851480239291,-0.003972733921077205,-0.02278349533561531,0.022089044360649197,-0.015478373651126191,-0.029982158289342555,0.0037874172496318486,0.01820610569420421,0.0,0.0,0.0,0.0,left
20,0.07395970264441161,0.07353754882698121,0.05861447259967868,0.08076566543469958,-0.11818938389063056,-0.116169063789703,-0.09350798532843341,-0.12638017702734605,0.10150112405575963,0.10432354572505835,0.11283882859382457,0.10105190184702732,0.020454117805635667,0.041325978849798495,-0.019963656404499822,0.08472198097018482,-0.007644556453586563,-0.0004318191343678603,0.012818958533849675,-0.021540932738371005,-0.0030562404131839506,-0.010306366143668784,-0.08729092981212604,0.10811971728179619,0.0,0.0,0.0,0.0,left
21,-0.17812181571483485,-0.17330062067766663,-0.17400250216099195,-0.1688668659557715,-0.05686483240165208,-0.062308492417362894,-0.03136848391301976,-0.05736761287538622,0.05162695809670446,0.05619110317305497,0.07109526477864941,0.05996110868851149,-0.06661560135534514,-0.22779685022905785,-0.12295079257458638,-0.08005226924271336,-0.030502532682676636,-0.0401015998598315,0.0024911338599864865,0.028776050738334568,0.006802600130046759,0.04803390665125369,0.04773348144305484,0.09996602473509647,0.0,0.0,0.0,0.0,left
22,0.07403606140711866,0.07044401934448812,0.07042081042492371,0.07326848202910859,-0.1036309057176687,-0.10637497040806537,-0.08711738199899947,-0.07346101463327644,0.10790927160875388,0.10955232870023192,0.11151883993272099,0.11746052193855709,0.0031295914588384093,0.13433233336794223,0.07998136315386266,0.06009982408209994,-0.00030275465204092816,0.07407135313035007,-0.06715681019474183,-0.006303326084708792,-0.003844947449685648,-0.19863181813030997,0.14205820789417292,0.03133014285082045,0.0,0.0,0.0,0.0,left
23,-0.1701671081191436,-0.16550997661164604,-0.15479571750754226,-0.1634335755531676,-0.038659957564763585,-0.043036251553337124,-0.06356828205160449,-0.05612966064232272,0.06955690242693542,0.07311349841856409,0.0766871965732291,0.05588545173435697,-0.025260278317079287,-0.01007950782823568,-0.011914816759748146,-0.1897602195684419,-0.010293656183320723,-0.005700009703153252,-0.00430758547685146,-0.01353844839943604,0.05639256087074984,0.018051756557033474,-0.004148124405544134,-0.04115920339554365,0.0,0.0,0.0,0.0,left
24,0.07543607837638389,0.07559567571095593,0.07701126503449797,0.07514588330632531,-0.1110321556235205,-0.10767994837487176,-0.10366539172666095,-0.12472048282401146,0.10450820954018603,0.1070721252704878,0.10540689721442084,0.10168771931215326,0.01933641390252311,-0.03482012166800962,0.07573513185617575,0.21662619963632856,0.0014380850937121175,-0.0016697003003712085,0.03020499728631257,0.0033983150701977854,-0.017647319294985604,-0.005371802711393356,-0.041902063023629525,-0.011839556363040335,0.32064824246147205,0.0,0.0,0.23283358929344028,left
25,0.07166872712392806,0.07235063933260369,0.06828537452998394,0.07549400257923526,-0.1019906953059869,-0.10189690144003642,-0.10211968718300055,-0.09722702468767605,0.10862486118268413,0.11011342688681712,0.1103988390232207,0.11076827347310549,0.013300765899719303,-0.013744786134435685,0.007795331312944683,-0.02704794995527149,-0.0016651505862251047,-0.00011515171880506967,-0.05755556603144265,0.00021924608716583898,-0.00788707165849672,0.0019988100062813476,0.1178909120549896,-0.03429002827802047,0.0,0.0,0.0,0.0,right
26,0.08023436861305731,0.07742654225114193,0.076704442344148,0.07066995725536214,-0.10151626288742532,-0.10259745817138602,-0.10754909700212464,-0.10250532227065993,0.10666302463157344,0.10846267058751848,0.10295092252379308,0.10966784950009235,-0.013971392640898962,0.021258600470762685,-0.04791276705577951,-0.07477606548655713,-0.0002270659890306961,-0.002677278028764417,-0.044788506445945335,-0.016224216203290332,0.005816716334419638,-0.01411659812789872,-0.07851376284048917,0.04115920339554365,0.0,0.0,0.0,0.0,right
27,0.07814705898764701,0.07719926081199037,0.07679035433777046,0.07661299447801559,-0.09856118915103751,-0.10063314079254812,-0.09497574060044743,-0.10413778825237431,0.10813440876140865,0.10913760513500917,0.1077828794775043,0.10660295274688128,-0.022354224705988635,0.0034820109645906684,-0.04835640663644175,-0.023591150674807156,-0.004314254288100935,-0.0010651535877957436,0.04546318596542747,-0.05015254783264027,0.0027604746277559407,0.0016240331301035952,-0.07027763530661338,0.07349460514620285,0.0,0.0,0.0,0.0,right
28,0.07997981814010661,0.07998975540740233,0.0769008096861342,0.07811739153161251,-0.10621998096647366,-0.10752884880338495,-0.07110190988999111,-0.09151339375167575,0.10486198114235282,0.10615321490617635,0.11715077462381532,0.11272460242953405,-0.02783101635792404,-0.009987875359641307,-0.0529829087468592,-0.08405481109448669,-0.006584915171443314,-0.0006621225719779997,0.010431620527838359,0.046315744902874496,-0.006112480826367901,0.001686496352556004,-0.003967770827587991,-0.055009248249780984,0.0,0.0,0.0,0.0,right
29,0.06712500862413258,0.07457293033013675,0.06418628571923779,0.07856498829112463,-0.09993029208825271,-0.0907429119150177,-0.04695532183117084,-0.10020626487667561,0.09320350354600739,0.10758442285934383,0.11875876275504842,0.11280612237783436,-0.010394716687940779,0.04297535126239431,0.09481151741437117,-0.04997200236474283,0.0024220372163274253,0.0017560639006261615,0.06938845816479453,0.03228398957124255,-0.06871611154978823,-0.03704045325573074,-0.1941201704757069,-0.1001335959723634,0.0,0.0,0.0,0.0,right
30,0.06152489821921715,0.0632720811749661,0.0588353832964062,0.0670021689400969,-0.08672735128762381,-0.08446537189591356,-0.08099953601792946,-0.08962244148908761,0.11114952718242738,0.11758660260833145,0.10375091362666115,0.10838809798293987,-0.002011880223538977,-0.006047704456499349,-0.03137145650063398,-0.026441497710121376,0.10278522323556803,0.01013335352103232,0.04873279928433033,0.05815503217157524,-0.36990364668456693,-0.18182927685159064,-0.13039535528042795,-0.19155502630207233,0.0,0.03899564335262882,0.0,0.0,right
31,0.07832522943396344,0.0781841400165262,0.07733034915019073,0.07829146155410702,-0.10410533813623027,-0.12457576751540772,-0.12398022622391547,-0.13705923100641043,0.10641377523613736,0.09946883726488323,0.09517501702320627,0.09339782421542059,-0.07812802927858535,-0.14853524577904098,-0.06540473385520126,-0.0824174003763004,0.03451403827694915,0.03941067746067474,0.07930107559091248,0.09131600465322658,-0.04623795583557087,-0.10412550343788944,-0.11296125758162143,-0.11052110763168103,0.0,0.0,0.0,0.0,right
32,0.07501607328560432,0.07155515429557323,0.07157445061804393,0.06864335013428169,-0.11752516944583644,-0.1069107037611619,-0.0976384720953121,-0.08401763252730901,0.10383282494823046,0.10420157140256049,0.09888697306741719,0.1151455378938498,-0.07745739813809356,0.056720137396829996,-0.048800046217103994,-0.03881320626093568,0.07614280789775386,0.0231742881307415,0.02693538396740971,0.06292363708437772,-0.16503702111632573,-0.10955977101075967,-0.1223996923480395,-0.08488739768671959,0.0,0.0,0.0,0.0,right
33,0.07664520907084515,0.07659319103782809,0.07502308926800605,0.07390257051439109,-0.12388264085442896,-0.13611436787252654,-0.10501624479200486,-0.13062457494296456,0.09916943659629315,0.09490686446152051,0.10419091875735233,0.09634044104618125,-0.0708629025830456,0.004123434638120412,-0.09138913830493661,-0.06943925549374984,0.07409921052085364,-0.001036365469245627,0.09777701949516855,0.08923319630936964,-0.12096797212022188,-0.013679355570731858,-0.14843071307604228,-0.11850722894111382,0.0,0.0,0.0,0.0,right
34,0.08384898107617182,0.08207315453604976,0.07805444987925443,0.08008182782007647,-0.11591209016391914,-0.13339455263625472,-0.12894202721635914,-0.12523743265769416,0.10120363674175653,0.08886489669317366,0.09187104240769883,0.09744902246139815,-0.08304596164677759,-0.16136379138225349,-0.05323640876364613,-0.0588869116350928,0.03860122310039543,0.04770159517147658,0.007680996692459024,0.04916594115952128,-0.051463148360012964,-0.12598754934500922,-0.031922517832425924,-0.05713143136016895,0.0,0.0,0.0,0.0,right
35,-0.17761271476893345,-0.17770731540108656,-0.14697799264062386,-0.17872633327999798,-0.027720767572983678,-0.028530577943057238,-0.07319315083117887,-0.04713748363208356,0.06080097467528135,0.061159675165960596,0.07559121344021956,0.045353948717447905,0.18934038151102792,0.21698429106753922,-0.029533529410053338,0.06313210917797128,0.08499837998039787,0.01327123955811011,0.03664042602741358,-0.0007673613050804364,-0.07995519587429564,-0.06096371174767898,0.008777190633978364,-0.10432214419202435,0.0,0.0,0.0,0.25337601647202423,right
36,-0.16866525820234177,-0.1667600245269796,-0.16643023134554238,-0.17410120138517107,-0.03411889038218331,-0.04906655650506167,-0.024562245171602763,-0.046634147909210964,0.06578597601700743,0.07213767666675613,0.0722792462647002,0.04203636191400096,0.16150930649560882,0.23980067957071513,0.012231702174506889,0.2839428842071134,-0.0326218192191048,0.007024255602504646,0.10457570002014537,-0.1891545656575276,0.025731567712607747,-0.06233790264163198,-0.20512173951977633,0.1740191029772541,0.0,0.0,0.22336447168713516,0.0,right
37,-0.16760886629722183,-0.16278262043719013,-0.15937343249182753,-0.1688668659557715,-0.034932212805583084,-0.046497840840276625,-0.03635628246321184,-0.041709544470512415,0.07455798307485051,0.07648008753807521,0.07523922002805461,0.0583145446408765,0.017212763288672876,0.19609228058166875,0.12161980731243911,0.04111773911457857,0.0426884079238417,0.008837895740231042,0.028232844058021626,0.029927093055518862,-0.06161775339519194,-0.029982158289342555,-0.0942646162163316,-0.1292298830749653,0.0,0.0,0.0,0.0,right
38,-0.16142329618369794,-0.1615830959158391,-0.16213479569686579,-0.16002689227164413,-0.05579396806866797,-0.018873867210993017,-0.02341919896185064,-0.07627702186094346,0.07386651917670593,0.08398578793413397,0.06937527388336931,0.07368793220485147,0.12876035776949254,0.02840588493271218,0.03758236905480501,0.15149275587881522,0.005222519237259137,-0.0021015190570413704,0.0996972533478118,0.16755888575925681,0.01754873026868302,-0.05028257446441808,-0.1429599797276772,-0.2114365805926214,0.0,0.0,0.0,0.0,right
39,-0.17660724996954544,-0.17482843123540867,-0.16797660622263505,-0.1593928245584407,-0.037006204235219366,-0.03675871153423299,-0.0687379116004394,-0.10695379548004134,0.05411946548406967,0.06021637808869709,0.055151430737826246,0.06486005447570072,0.18352815697385658,0.1952675643201135,0.07833357562715731,-0.0417241993164356,0.1201179613246331,0.0437288574734224,-0.009705042060003874,0.06018305739916833,-0.31972219447087996,-0.20069305530050544,-0.13370185200327703,-0.04121505070513913,0.0,0.0,0.0,0.0,right
40,0.07954707595691225,0.07778010053220562,0.07677807240837191,0.07432530309527244,-0.13093145783758017,-0.12703457797851442,-0.13261792563623104,-0.130053214122171,0.0942326731731341,0.09813521692126156,0.08975106264372718,0.0974897824355483,-0.1799515162153954,-0.04590757823531137,-0.041068083672090985,0.03305187412682845,0.15682690578505912,0.038000089867534885,0.05205431155158554,0.009537209825604962,-0.24302039766017725,-0.07882807863735523,-0.0739448171005227,-0.004579450078348792,0.0,0.0,0.0,0.0,right
41,0.07934343132576624,0.07971197166963105,0.08225171210896581,0.07906231340789832,-0.11588498168117448,-0.12270760858197226,-0.10298995434358925,-0.1114839078981538,0.10144485320060029,0.10020883474737531,0.10323092943391063,0.10528244125557865,0.0019001098332277217,-0.11325700985647123,-0.08403749646277457,-0.09224202381955669,-0.003103235679937222,-0.02236822458831522,0.06601504014008852,0.10200424960474304,-0.0026618868949331016,0.032668060464551466,-0.08626895328394314,-0.11236409815681235,0.011323026890391311,0.0,0.0,0.0,right
42,0.08204167484461457,0.08015389842559784,0.0858844361715156,0.0806910521267282,-0.10692486945889472,-0.10706180333264868,-0.09665132442885271,-0.11091254707736024,0.10398559850653251,0.10596619123458964,0.10676688877203908,0.1042716810546352,0.025148506460330653,0.0027489560246768434,-0.005767277962520834,-0.0841155207683278,0.01831665744151157,0.0009212137504405574,-0.062278336286014487,0.039080626902910934,0.0033520049051322135,-0.00043723977082526816,-0.00529036084053575,-0.037584997562793356,0.0,0.5452729637194719,0.0,0.0,right
43,0.0896909261255504,0.08810868550981395,0.08675579702902715,0.08784011625940923,-0.12317777500902774,-0.12485049609533912,-0.11768054924420265,-0.12291116977015441,0.09517339989971908,0.09626488510400676,0.09510301715567387,0.09607144972997221,-0.020565889662384297,-0.003115483494633756,0.017365212633518264,0.0010309759777914224,0.022252473876256142,-0.002245458894396557,-0.001556958236922901,-0.0037819960823016435,0.004337889994239082,-0.002248661257066516,-0.0015630609243928056,0.0023455723487698756,0.0,0.0,0.0,0.0,right
44,0.07553791132392051,0.06668128166687669,0.06192809204247997,0.07320631119649212,-0.12285245056907179,-0.09780344330410759,-0.10718541330403954,-0.08914631125977046,0.10849621330016776,0.10581167865163484,0.10458291506603194,0.11192577230467632,-0.05510317343210493,-0.04013476878017456,-0.09233979454921284,-0.09618401513162743,0.25340565766075274,0.07188346367449518,0.098399779639003,0.06412949847418992,-0.41683173863905343,-0.19607084240000588,-0.1950820446565505,-0.1993178169900842,0.0,0.0,0.0,0.0,right
45,0.08528718805875421,0.08909356471434977,0.07832444728546456,0.06972503537907632,-0.11581719915080287,-0.1166086386973971,-0.09379374145567158,-0.10708984567588326,0.09965990245057299,0.10617761520504095,0.10347092008202857,0.09698440233507657,-0.035654987672833184,-0.15733193871989512,0.08315020067140996,-0.1474295043532008,-0.01680288418130693,0.04093646285173883,0.1644666914910501,0.27427687086526475,0.006506834344618749,0.10999706273866056,-0.22273622313507235,-0.32972040564111305,0.12640851503614414,0.0,0.0,0.0,right
46,-0.14573024145194907,-0.15126712596520428,-0.15300388857898078,-0.16634293371791736,-0.05277111180190854,-0.04696488631101291,-0.03361560169670082,-0.037029790473812704,0.09021251080077435,0.08956423153952892,0.07203124969108535,0.06892755398765145,-0.042025954178757645,0.0006414231926456261,0.14424530951593245,0.256773594471229,-0.01771115409564222,0.0122348710672829,0.15434646465332585,0.040067233576029926,0.09740533711667608,0.021924451763715817,-0.09011652888178912,-0.10303762676284782,0.0,0.0,0.0,0.0,right
47,-0.1507194392273537,-0.14644375563512746,-0.1531757125662257,-0.16102156327727055,-0.06486251422192642,-0.07355864038778406,-0.0429676914271118,-0.017712269538439837,0.07801532943158206,0.0864660049497906,0.07125526299922304,0.07104690922224621,-0.013077225119096791,0.08631723239916612,0.27530831881822226,0.0916961937244715,-0.023085044700709316,0.016150032528236852,0.07883397143754442,0.027405768087002683,-0.002070356617556829,0.03766508548025484,0.035469463381868016,-0.2264035423302878,0.0,0.0,0.0,0.542417341940303,right
48,-0.10412394432103332,-0.11704894968100055,-0.11629621570296467,-0.11764233738392374,-0.07157241855321958,-0.053324860968753204,-0.06723118169260218,-0.0816233672699131,0.10450820954018603,0.09507762579583501,0.08695110046643136,0.09868802762283489,0.030066438828522904,0.18014832722307098,0.07529149227551353,0.1328746186427704,0.18384779671157553,0.07176830364634075,0.08049477863941036,0.09586534765806305,-0.12106654821172701,-0.1394795070532615,-0.05194172633706674,-0.193062947623871,0.0,0.26776408370294574,0.0,0.0,right
49,0.08382352815526947,0.08394188725251911,0.07888898545262614,0.080827815495237,-0.11603406701276027,-0.11497399102457495,-0.1345662885137997,-0.11870756873083667,0.09768197316026897,0.10227432819780918,0.08691910349541362,0.1001634215685343,-0.03308426429636219,-0.040959448975420996,-0.07003122765059866,-0.0686508572313357,-0.04321823204053729,0.017272761597737434,0.03119107049590882,0.14492169381996536,-0.015478373651126191,-0.04541047589361953,-0.06673068975717128,-0.1662563855604435,0.0,0.0,0.0,0.0,right
50,0.07291602656777922,0.07034299365188586,0.08900170877638644,0.04911088643952007,-0.12640395621988215,-0.12343563587636404,-0.144736671990102,-0.10906241441913767,0.10200766921622849,0.10181080403485729,0.13690252889093268,0.09926677022940311,0.02146006451637334,-0.0027489560246768434,0.03682185237440409,0.05045717052622846,-0.006357848685894909,-0.008434865857506392,0.09424786377081482,0.04143751622736182,0.008971544480426428,-0.010681145478383237,0.16929159106684807,0.0843289245907648,0.0,0.0,0.0,0.0,up
51,0.08480356129768238,0.08452272697273436,0.08659625497118079,0.07452421652431868,-0.11367544783781482,-0.11375144769640474,-0.1121991877111806,-0.12428517219905984,0.1005041264740153,0.1020791665646301,0.11697479128321782,0.10011450415218039,0.021571836373121975,0.0017410060834004812,-0.10691644047791438,0.04766746951109994,0.002270659890306961,-0.0022166711535441383,-0.008718968850407625,0.03135219477947866,-0.0034505939314347996,-0.003248067079719424,-0.003967770827587991,0.08756802458458184,0.0,0.0,0.0,0.0,up
52,-0.17735816429598272,-0.18761922477203796,-0.19352837093013442,-0.1874668294775232,-0.026622772110235064,-0.019176068648917556,-0.01527509074340433,0.004108374993454322,0.067402087335548,0.055223419382839395,0.058719387046972424,0.04508494378280447,-0.022354224705988635,-0.0013744786134435685,0.004943380873160141,0.0003638738136692138,0.024523128801386015,-0.009615171164107206,0.09326183822490769,0.09740010910109709,-0.015084030480713315,-0.0031231414543268395,0.11181899748428833,0.00776272474393073,0.0,0.0,0.0,0.0,up
53,0.08669994212043423,0.08673238184793108,0.08882988478914154,0.0713289099192754,-0.11661695600932037,-0.11600424041144994,-0.10925067838827834,-0.11083090786862916,0.09871112935439133,0.09998927281533164,0.12151873540131457,0.10294301212112879,0.0038002182000180683,-0.0045815945766717,-0.18740483692543114,0.07641350007486421,-0.006206471359874444,-0.0012666692845534646,0.032332840550562125,0.04264337042590121,-0.007689894899371296,-0.003810231984229936,0.13875171117132384,0.119959244336356,0.0,0.0,0.0,0.0,up
54,0.08971637904645274,0.10087420680177055,0.0960830509848426,0.07487235656930769,-0.10743997592508324,-0.13638909645245795,-0.15237422495708397,-0.10737553745031242,0.10119560380516421,0.11422001348882031,0.10292693147827225,0.10023677045619642,-0.06069173694078897,-0.4738284655315729,0.03625145862783836,0.10212727736958484,-0.007266112642017692,-0.050551626461892075,0.025741714964404055,0.019019600578582017,0.008577190962175579,0.09556815669362213,0.194420761086875,0.0293754943420988,0.0,0.0,0.0,0.0,up
55,0.0888636317724788,0.08823496235172608,0.10085715381516984,0.08742982615388278,-0.09223082622518963,-0.0954132977738515,-0.10758807163794783,-0.076657944226849,0.10694443263938755,0.1076494857943452,0.13015865267777485,0.10383966346025998,-0.010953571572371808,-0.0536962899774215,0.10311389865101012,0.04299775778362846,-0.006130782200346504,-0.01390457061225871,-0.006746820388485593,0.05168727331931027,-0.00483083124531277,0.011680548842499444,0.07190081671947395,0.04869854622821259,0.452572029799572,0.0,0.0,0.0,up
56,0.08988183366428161,0.08949762529403317,0.10505439554082546,0.09395720273247812,-0.09660921986428203,-0.09898476931295971,-0.10083378461042879,-0.09058831605853204,0.10492631180011318,0.10567344199186475,0.10434291105242903,0.10499714867339642,-0.005029701292066131,-0.024740610233143057,0.08232630690805728,0.06295016316070724,-0.005222519237259137,-0.005642433466053018,-0.10151371654014414,0.11093854311798752,-0.0004929420271615355,0.001061868225593083,-0.05813385348989378,0.01161616712465842,0.0,0.0,0.0,0.0,up
57,0.08197803191039509,0.06439585224838756,0.051005397004145026,0.04058176691847508,-0.12286599348693421,-0.1070343327696065,-0.09330015677204218,-0.09121408786643645,0.11233145693485179,0.10719409959298566,0.10907886372760209,0.11461571270363552,0.11735970170300099,0.060018882222021626,0.03282912109350413,0.06592180223639288,0.10641824331078414,0.05544556884564207,0.13706422379756766,0.08671186414958065,0.03135110340746272,0.05378049033638597,0.06697116224610576,0.019825670345352982,0.0,0.0,0.0,0.0,up
58,0.04887373333438912,0.04651654076624652,0.03853630658466168,0.048800053048516756,-0.1169287375314139,-0.11895756690833509,-0.1042109281241883,-0.12969951997788565,0.10302879247375851,0.10925959304341953,0.10257492470062232,0.11309955878378596,0.09098170481843537,0.04902305812331424,-0.0022181837677770896,0.004427130829411438,0.07455334547802127,0.03273188305774847,-0.01370123384674122,0.00224727275301349,0.0987855705501148,0.05671624540140452,0.02627145377970147,-0.022785555772553003,0.0,0.5627078428787768,0.0,0.0,up
59,0.09876564729665382,0.07793160742806476,0.07249489818503808,0.06384414821696029,-0.13178543166158702,-0.12343563587636404,-0.10674380203510754,-0.10349840233365981,0.13234383932911314,0.10361607291711072,0.1045909076260439,0.11647420682735622,0.30278808289220055,0.06038541209639911,0.07231279432184154,0.04330097992785004,0.09165899622779414,0.029306119612146495,0.0848542358282204,0.14218109975221035,0.08251848468856793,0.07614218465726866,0.034567699435810874,-0.054283240552159884,0.0,0.0,0.5129231546970533,0.0,up
60,0.08144347804359134,0.07482546291859817,0.06891128133602666,0.06810871836352232,-0.12686482307356148,-0.11387507670484935,-0.11882357375315533,-0.12964508626271,0.10052825214980096,0.0927681837004054,0.09801498209701673,0.09776693119396113,0.10014693841432809,-0.024832242701737433,-0.03454029401818128,-0.022378238227800006,0.13449880233140007,0.000287879334782444,0.07364414469329364,0.058538715341060935,-0.04939279174245614,-0.022049378208620636,0.03498852629144621,0.015022831028622272,0.6702056292760726,0.0,0.19458018909671054,0.0,up
61,0.08695449259338493,0.0875278457895987,0.08268125157302232,0.08784011625940923,-0.10136715490881969,-0.10309197420516447,-0.11794032951449185,-0.12386343022878873,0.10427503945093894,0.105258718426642,0.10150294597861857,0.09898962147099029,-0.016430360291432463,-0.1346988872865256,-0.09316372988766584,-0.12753773703960078,-0.008477132243216823,-0.038834915089672406,0.010587317372895417,0.07224158500201666,0.0028590636540585263,-0.03348007416131044,0.04280382696968666,0.02295309770133944,0.0,0.0,0.0,0.05088307626715222,up
62,0.09419647587595598,0.07344915925671529,0.07127990985709248,0.06411769572605697,-0.12145623914911192,-0.11174593594775842,-0.10815958389242417,-0.10413778825237431,0.1207738046333094,0.11280506787292505,0.11355882726914833,0.11833271456951132,0.04437314850610513,0.05277996529147774,0.0353008106985822,-0.013160098856521522,0.06198902443921651,0.01471063415468499,0.0552201269737837,0.0762976786048397,0.029477937777308536,0.007682927190912282,-0.005951656241381988,-0.00742764821347798,0.0,0.49446936306592165,0.0,0.0,up
63,0.09037821878169547,0.08867686801233002,0.10266122366501833,0.08526645566429354,-0.10478311814590668,-0.1041222006425298,-0.11648555132055258,-0.12478850792193244,0.10214436346834153,0.10376246112438567,0.11333482174105429,0.10741809775614658,-0.007376895619413625,-0.01007950782823568,-0.02123118974851473,-0.054763006132585716,0.012715699357860653,-0.006534861364129648,0.06430238846265779,0.10490930808165458,0.011337665589931519,0.0024360501049115095,0.022664390108025765,0.023679105398960544,0.0,0.0,0.0,0.0,up
64,0.09069639092493842,0.09139160915981241,0.12623711503948007,0.07668758701390792,-0.1023973678411967,-0.10673213362663295,-0.15330944261044485,-0.11610922817967786,0.10253029368288634,0.10252641480439728,0.14057456223153877,0.10354621343587397,-0.020118802235389772,-0.030605052156874247,-0.3105457108587524,-0.009824591616428595,-0.01672719502177899,-0.010219717876682669,0.3278954721060376,0.29093962526703276,0.009267310265854438,0.011805475287404263,-0.32409473045028814,0.26700428728411696,0.0,0.0,0.0,0.17132450440655708,up
65,0.05103740172250646,0.0196975545572084,0.0010554530364376312,-0.004923522810475302,-0.10715530288573438,-0.11088053288864612,-0.09682017834942076,-0.0952952755487872,0.10704895484611826,0.1143013387610939,0.11439880790304612,0.12019935251700141,-0.004470844941197727,0.09007413956732963,0.0470254962094751,-0.00836909508867863,0.112549045371839,0.0906244079873576,0.07769222181018644,-0.03217436580853235,0.17933230058222596,0.09256988923541716,0.03637122732792515,0.04171767649149844,0.0,0.0,0.0,0.0,up
66,-0.1872347268992554,-0.20846580999012282,-0.18136612370505678,-0.18251844248841712,-0.012457398642898763,-0.00030220166741963723,-0.008819545601517997,-0.004747758639362358,0.05614561925993638,0.05715880054918305,0.044351544166364595,0.03781396632921903,-0.03554321581608456,-0.2160679663815955,0.11585259254407079,0.018618208846407153,-0.00030275465204092816,-0.0829092526475581,0.05776316182485206,0.12990329585885038,0.016760030993059803,0.13342060725586719,0.055849380619910544,-0.01898796802854092,0.0,0.0,0.0,0.0,up
67,-0.18657290842793992,-0.18509389888742378,-0.19133156639631346,-0.1929622699406645,-0.0447056474512626,-0.001002760005234902,-0.025549414538861594,-0.012066654609134574,0.047695238624886414,0.06764076679839477,0.06074337589789089,0.03403175939945051,-0.022242452849240004,0.13057542619977874,0.05437718794175754,0.07222894855217142,-0.028458945236130587,-0.013415176373883711,0.14765155478865993,0.15051247695309436,0.06999775595692437,0.18801307031340045,0.03258381717699574,0.1420187850841678,0.0,0.0,0.16078490931302605,0.0,up
68,-0.18556742236462467,-0.20371819310797556,-0.19365112871195245,-0.1934720375327931,-4.066614381700842e-05,0.008736375726671436,-0.007364776087898511,0.009101005802880315,0.02237624189911019,0.03561752111281471,0.02753570578965599,0.034129580613723974,-0.05767391147294968,0.03610296420622793,0.02712521688792702,-0.07156184233012869,0.04011499636060007,-0.001036365469245627,0.033215115863453666,-0.02033507853983161,0.025731567712607747,0.006308745311593855,0.016171672344030632,-0.012398022131875,0.0,0.0,0.0,0.30285966902663,up
69,-0.18673836304576877,-0.1916344950381108,-0.2037147448221744,-0.1772094937510461,-0.022718810889704254,-0.02449206093321275,-0.03432999201479624,-0.02546647840597016,0.05818786577499643,0.04818936752541239,0.06433532325255788,0.027412887058529796,-0.04917930901754875,0.0025656922896983873,-0.02021715642128675,0.06276823305685705,0.026945171975925945,-0.010968205182008717,0.1883919568813187,0.1243125127257214,-0.04525207850734248,0.00911957311219535,0.08115891289408549,0.0903603900643558,0.0,0.0,0.36822467098899825,0.0,up
70,0.08494354173068167,0.08472473616721324,0.08163806672826586,0.10778287005969726,-0.10699265198926633,-0.10789971287920916,-0.1021067101049258,-0.1301348306028373,0.10260265727723902,0.10416904672801605,0.10287893602174566,0.15018804387580936,-0.03543145862370968,0.03381216451347149,-0.00906286465695959,-0.2859441551330001,-0.02914013774152788,0.002590914050811766,-0.002750626559018714,0.09652313338196111,0.016069907808941703,0.0019988100062813476,0.0007815306199453459,0.07271272815762589,0.0,0.0,0.0,0.0,up
71,0.08887634760096637,0.09367703857830152,0.10517713281858776,0.06107157419279837,-0.10718241136847906,-0.10210294213760757,-0.12603249252928006,-0.11342927114785276,0.10186294202752309,0.10704772497162321,0.1253426942095725,0.1057633762663078,-0.00570032803324579,-0.02978035993952487,-0.09405102567903047,0.11722799317510041,-0.04791093014020709,-0.023951563554617663,0.21828560133210784,0.20861271162586012,-0.07058929011473988,-0.003935157609622521,0.1233615665288831,0.14481115056394175,0.0,0.0,0.0,0.0,up
72,0.08837998374747975,0.08750259464028885,0.08524624743607434,0.08637300508771893,-0.10742641036020097,-0.10872389861900336,-0.10275614993024904,-0.12344173371464723,0.10180667117236375,0.10274597673644094,0.10127094789051258,0.10790717659064512,0.0042473026941378415,0.00027489560246768435,-0.003295587525940763,0.04791005359184275,-0.0017408397457530458,-0.0007772742907830694,-0.005916441981216869,-0.009263150418829462,-0.0025632978686305164,0.0009369426002004986,-0.007454599832285889,0.052551981281820155,0.0,0.0,0.0,0.0,up
73,0.08961456736284337,0.0888662832751982,0.09603396427535998,0.08889691655349401,-0.10197715238812448,-0.10299581575976202,-0.07445307754680167,-0.10069600921680288,0.10351121195844168,0.10465695760392003,0.11255082912369507,0.12028088608373609,-0.0034649055626469263,-0.0008246869276240824,-0.03612470446193486,-0.02753311811675712,-0.0010596412821432485,-0.0012090934251509297,-0.202248948855003,0.37962463085012327,0.0010844724338857832,0.0,-0.1181915026661577,0.20836497856487005,0.0,0.0,0.0,0.0,up
74,0.03548436995161134,0.010644255987025812,-0.026999966165626783,-0.061643491845464395,-0.08133231028103667,-0.12136143624535743,-0.10627617150762764,-0.09193511299388203,0.11321588594026875,0.10884486947819678,0.09940697062565268,0.10202191569225502,-0.13077225119096791,-0.11985449950685449,0.030991194002923488,0.11316474164948595,0.5689517975226112,0.17362004009847398,0.21823364791096792,0.07520144097773769,0.41022632561597,0.08638609577360735,0.12113722755602781,0.03389909711085211,0.0,0.0,0.0,0.0,up
75,0.08556721271653447,0.09266690822445585,0.08587215424211707,0.0725970868898404,-0.10882262178016086,-0.11674599151260798,-0.0974306652397203,-0.10696740959085144,0.10107498885924016,0.10974749033341102,0.10161493537718062,0.10824137297074687,0.04414960479260787,-0.05021426819293818,-0.03257561276169713,-0.01643496803313567,-0.026869482816398005,0.003022733185179626,-0.09180864043464804,0.016114592440580132,-0.05373068303017497,-0.023423560907451298,-0.0586749087025492,0.032279539786823463,0.0,0.0,0.0,0.0,down
76,0.038577144376409654,0.04016533878306484,0.03399541688451625,0.02798699067991428,-0.11566809117219723,-0.1158943352097716,-0.09736571474694813,-0.09845136280992943,0.11055453912141681,0.11252859455338488,0.11311882213845716,0.09706592228337686,-0.024924962746833392,-0.02638998264573887,-0.026237946041622606,-0.10576595901365782,-0.06342710853989321,-0.020871253754640107,-0.029737906751141404,0.04001241450340202,-0.04791395634791735,0.02417311138175787,-0.001442825468670282,0.11783709053444855,0.0,0.0,0.0,0.0,down
77,0.020631329654207043,0.048309520034786314,0.08458351534589179,0.08909585075461929,-0.12522463530889952,-0.07718505305297663,-0.09215711056229003,-0.09793443570431153,0.08814613860992862,0.13731444802902898,0.10071094743576244,0.0989814776472209,0.5980873633960003,-0.02602345277136137,0.05741927129340134,-0.03850997616000716,-0.5429149053913748,-0.22713682010916617,-0.10198075260252774,0.01123636376506745,0.2978356117188705,0.021674598873906183,-0.16207741639881373,-0.022562166534171084,0.0,0.0,0.0,0.0,down
78,0.0252387080993638,0.026579081304767913,0.0297490474412665,0.03402948461709085,-0.12080556762218018,-0.11615531703342709,-0.1250712990189702,-0.13208019385253625,0.1074670571060454,0.10193279194326767,0.09942296911116155,0.1076218703900285,-0.028389875641667194,-0.05039753313012693,-0.08574864444239153,0.18351372722955597,-0.052300871601765136,-0.05147283114758788,0.014687307056337466,0.09268630168710408,-0.055801026712934326,-0.006433670936986439,0.009919427068969979,-0.06779820154882435,0.0,0.0,0.0,0.0,down
79,0.01772945426256905,0.012134198258948185,0.04775312569616912,0.062028917772360054,-0.11752516944583644,-0.1139712351502518,-0.12191496113967669,-0.1319169381631389,0.10958970015205047,0.09665520837036494,0.11683077818266809,0.1163274818151632,0.006706268878233966,0.001557742348422025,-0.13442194480861208,0.007034892988312154,0.02338780133882108,-0.016610638648061733,-0.24693358931325915,-0.04099902836779382,0.0095630747578027,-0.011680548842499444,-0.07382458085605546,-0.015357914886195147,0.0,0.0,0.4814560650607242,0.0,down
80,-0.20203686560764048,-0.19825084463672746,-0.1663443398559757,-0.2135018678884865,0.016903561224150848,0.018640346770575845,0.02360105166129291,0.047899305635829885,0.02622756483998321,0.02532259212110222,0.02287975890751223,0.03710481359486538,-0.034872599339966524,0.017501693302599184,-0.07820682146125384,0.08927035291704336,0.019451994834430685,-0.004289403225128487,0.05148342992880811,0.11274729205506896,-0.0021689443503796675,0.0029982158289342553,-0.09967524721735738,0.0800287110603934,0.0,0.0,0.0,0.0,down
81,0.014331202259088101,0.010202322902450187,0.0025404504579051527,0.024145153114233604,-0.09757165026628743,-0.08961652703224991,-0.10347056194914392,-0.11936054603229648,0.12062103107500735,0.11043057642840658,0.10499890242023237,0.11509663409593027,-0.047390959309570664,-0.10794236274430631,-0.13828793023862862,-0.04057192493290723,0.018695103239151276,-0.0066212257197799974,-0.1742755382568571,-0.07421479834825465,0.012915079662934915,-0.010368829366121194,6.011773574870891e-05,-0.06338629339926198,0.0,0.0,0.0,0.2769879333734869,down
82,0.03942989165038359,0.027223038350576392,0.008210445198051796,0.048563832965484825,-0.12354377349661061,-0.12101801978306577,-0.09784630065170334,-0.15580538430257032,0.11479180570983898,0.11393540220768779,0.09056705223210412,0.1518019645361948,-0.05186180425076839,-0.06295109717283574,-0.15951908672706305,0.006125209050892139,0.04972746003852349,0.03238642941212405,0.023094882216630978,-0.2807994991290673,-0.1047994752849776,0.04459845400173821,0.06144032655040139,-0.119959244336356,0.0,0.0,0.0,0.0,down
83,0.03781349295755755,0.03372574722961723,0.03562768325117559,0.07732167549919042,-0.11135748006347646,-0.11686962052105258,-0.10328870924970165,-0.15688008084623647,0.1121465247641717,0.09589894855060066,0.09107105130483076,0.10334242718355764,-0.015089098010448892,-0.05094732794169318,-0.06819330887503808,-0.011522672224921374,0.0028761691943888176,-0.03820159158947777,-0.08822766747112329,-0.16476349419269232,-0.010351781794304397,-0.023111244795189254,0.01154260848183055,-0.055009248249780984,0.0,0.0,0.0,0.0,down
84,-0.005791026449217539,-0.006692117813300176,-0.027920413732620948,0.014012144512534177,-0.1062064154015914,-0.12033120980799208,-0.10970528843608457,-0.15844454445809467,0.10864898685846983,0.11082089969476475,0.10129495230151836,0.09427000322794042,0.012741909548850898,-0.010629297830960756,-0.044553806604397034,0.04966877226381431,0.014153783458537354,0.002274247012946673,0.08646308960894641,0.0679663014039557,-0.03184404853897565,0.015803096938991425,0.047493016841567516,0.07148410200076559,0.0,0.0,0.0,0.0,down
85,0.052628347494430155,0.055052146475315054,0.046538116864167756,0.04383924435613481,-0.08817775702605321,-0.10994646489668321,-0.08536384889894781,-0.09714540820700977,0.1059474350576432,0.11614727027948411,0.09782298690542537,0.09811742884003606,0.010059402584132262,-0.08384316776922092,-0.006274291300126796,-0.20722614607461376,0.032546130059576864,-0.021706105415616503,-0.017593634545872306,-0.07218678750320717,0.04426618824431662,-0.017989293334581064,-0.011001545381727974,-0.09918422101772077,0.0,0.0,0.13942025390729382,0.0,down
86,0.04467363989873894,0.04152900632261137,0.03372539897425036,0.039139519925415575,-0.10810416772285752,-0.11252890436823453,-0.09519654623491344,-0.11322519585408987,0.11270935421280424,0.10888551852842109,0.10497491137471156,0.10474445862316056,-0.01475379710457675,-0.021900015728820374,-0.036504966959645356,-0.06501211989031423,0.004465632607156817,0.005354556057528834,0.005137963203210341,-0.0741052033506357,0.022478155714217362,-0.00705829906394936,0.010460490169072556,-0.031665219381273195,0.476529488410239,0.0,0.0,0.0,down
87,0.04827553653336589,0.04165528316452349,0.04343312618869545,0.04309325668097429,-0.11802671034714268,-0.1193284309841593,-0.11109511613725168,-0.1055798157792007,0.11286212777110628,0.11296771841747222,0.11530279584446429,0.1219926551952638,-0.05018524106391268,-0.03656112654919981,0.0601444692302864,0.025349877303485636,0.17461375897058343,-0.009384866215706273,-0.028336641954726332,0.017046387232344026,0.06773022128676237,-0.012742415429068059,0.02603098129076699,0.03702653179395869,0.0,0.0,0.0,0.0,down
88,0.07387060678928978,0.07355016385395473,0.10202303492957708,0.05387278170285579,-0.11664408713908489,-0.11774874738693113,-0.13535860640274205,-0.10613756248918414,0.10249008870091166,0.10412838409187926,0.13842258549654937,0.10116602432727397,0.020118802235389772,-0.005223017047991149,0.2971098856832626,-0.1424565625248008,-0.00454132077364934,-0.0011803053066008133,0.15356798042804054,0.117899623284994,-0.0025632978686305164,-0.0006246282089141446,-0.025008981100242616,0.17669972987511634,0.0,0.0,0.0,0.0,down
89,0.052310154087259975,0.052413179871125086,0.04686948290925904,0.04991904494729708,-0.12637684773713748,-0.12792745160066887,-0.11658947644914792,-0.1139870178578362,0.1060680365705629,0.1047382828761936,0.09759098881731938,0.08558070668721329,0.010059402584132262,0.02446571282735993,0.009633258403525326,0.05112426879156427,-0.0003784434143547019,0.006534861364129648,-0.023717669596859208,-0.11143186443272904,-0.009070132213249265,0.0014991075047110108,-0.025489918190664415,-0.05506509555937646,0.0,0.0,0.0,0.0,down
90,0.055746596104058056,0.06639086180676906,0.07584536341603498,0.06836982339726407,-0.12732571257426062,-0.12891648366822578,-0.12675988162624968,-0.10840941438961303,0.10144485320060029,0.09959081158738112,0.10302292239132545,0.09484060201073925,0.04169063860851175,-0.003298747229612212,0.12314087393332122,-0.02813957036190723,-0.04995452751710732,-0.007743954789280577,-0.059942904037453976,-0.18740061421925563,-0.027900513356467163,-0.0011867938509856671,-0.02422744551120556,-0.11482132116205243,0.0,0.2503766126055786,0.0,0.0,down
91,0.05139378514299379,0.04649128961693667,0.058933556715371434,0.07040885222162037,-0.11276723440129875,-0.11269375069599723,-0.11143282397838779,-0.11912928797304298,0.10716152342244563,0.10107894451395759,0.10439891243445254,0.08875156847846724,0.013077225119096791,-0.0030238522282496744,-0.1215564468595275,0.07059151396386434,0.004919763592182791,-0.011400023183283483,-0.12663261688792618,-0.08742437545956008,-0.005422361522689043,-0.006621058965319198,-0.00529036084053575,-0.057969133676981005,0.0,0.0,0.0,0.0,down
92,0.04937009718787573,0.048448411903671953,0.04547038866467,0.03636692512917461,-0.10853794874081202,-0.10924590816533361,-0.09774239722390743,-0.0988458765585803,0.1069926839909589,0.11047123906454337,0.10969485219889079,0.09476723950464276,-0.10495309892577172,0.030879949562657372,-0.026174568958670857,-0.08781491208624187,0.04465631614121399,0.0004606068752202787,0.012248076911072246,-0.025377742859409594,-0.051364559333710376,0.01349196590337463,-0.008596836267277504,0.047916683893875885,0.0,0.0,0.0,0.2374708765554495,down
93,0.05666298631225148,0.04839790960505223,0.040082681461754324,0.04975741740015748,-0.12152399903246369,-0.10811950033305621,-0.10528902384116827,-0.106600101335756,0.11146310723562382,0.1060475029209507,0.09800697617151981,0.0951014495031789,0.007376895619413625,0.056261975053858125,-0.08238968399100904,-0.14712627425227226,0.026945171975925945,-0.011083353879232202,-0.007473400899049615,-0.15451370114437982,0.010450369527127235,-0.015303391159372154,0.007935544810154845,0.015469602178265979,0.0,0.0,0.0,0.0,down
94,0.08615267242514292,0.0745602942078004,0.07008944437983243,0.07066995725536214,-0.13384585752634104,-0.12735052387776388,-0.1126667748370616,-0.11931974915599575,0.10629317372321766,0.09195499890723212,0.1025989291116281,0.10337502971550401,-0.11221822562131147,-0.0262983501771445,-0.03675847529145235,-0.014979471505385708,0.0250529529180816,0.010593959640857202,-0.011261996892377552,-0.015402037982963829,-0.09503921342021149,0.025234977968326484,0.008236127533875787,-0.00301573566764355,0.0,0.0,0.0,0.0,down
95,0.04620094273644314,0.04998885858375032,0.05018312285611609,0.04470955292444924,-0.10574554854791209,-0.11114153766181126,-0.1293836601860906,-0.1124225769740428,0.11001583534856997,0.1135288030181449,0.10889487446150765,0.09547640585743081,-0.02906049211778523,0.03637786161201106,-0.225050591378208,-0.020619519555828452,-0.035800744058569964,-0.011428811301833599,-0.015465791281622754,0.013154765229950337,-0.05057584712328969,0.012305172871901198,-0.0438258350476582,0.015302067576599668,0.0,0.0,0.0,0.5161329776159211,down
96,0.046850045379271066,0.049130256221126635,0.07505989404809013,0.09086137361403704,-0.09881873106062185,-0.10902612071148658,-0.11193940744089141,-0.12991716392632907,0.09926592586643153,0.08790533727863793,0.10803087605111915,0.10683119770737456,0.05420899857811588,0.026115085239955746,0.006020784631323815,-0.04918361205903561,-0.02414468300374631,-0.030198543733246146,-0.15849838052151402,-0.061498535360417925,0.003844947449685648,-0.02055026906488516,-0.0784536526057027,-0.03557450907159636,0.0,0.07503742217634848,0.0,0.0,down
97,0.08003072398191131,0.07358805112560092,0.08385943512088384,0.06711406812997493,-0.12472307176057341,-0.12309221941407238,-0.1239152757311433,-0.12146916497139283,0.1256140787863301,0.1084951952620629,0.1191667575492369,0.1034483922216005,-0.1726864921704719,-0.014661098798276498,-0.014703391779584952,0.024136964856478486,-0.14895531263698666,-0.054380423567195676,0.009808839956708578,0.027186520561582283,-0.12767197416960782,-0.05378049033638597,0.051881608214833126,0.05177012627460357,0.0,0.0,0.0,0.25337601647202423,down
98,0.05477930005405995,0.06786819116125421,0.07893807216210875,0.06483879845050766,-0.12325910045726175,-0.124012563599269,-0.11426443109461995,-0.08250760263062647,0.08813810567333628,0.09035302961975014,0.10123895091949485,0.07252228954951123,-0.11769501727324685,-0.1171971819618235,0.03282912109350413,0.25095159244681525,-0.1388887140018956,-0.0049515261748041845,-0.06897323934158192,-0.08715031605278459,-0.023562622068748335,0.04078822201750828,-0.1197545580693375,-0.06534094190798363,0.0,0.0,0.0,0.0,down
99,0.06698500692720605,0.07871445634275889,0.07272809081116414,0.06649242212004736,-0.1156951996549419,-0.11983669377421363,-0.10243144086798714,-0.11361970960274076,0.11268522853701857,0.1095360663629597,0.10206293306788375,0.10640732393676873,-0.10685320582612468,-0.11426496701100936,-0.08631905481899739,-0.021529201901907078,-0.10467745222376656,-0.017992460784513362,-0.07769222181018644,0.009811262041107653,-0.09395474706568052,-0.028732902035416712,-0.02176261827452147,0.03741746296112705,0.0,0.0,0.028164355667378075,0.0,down
