Feature_1,Feature_2,Feature_3,Feature_4,Feature_5,Feature_6,Feature_7,Feature_8,Feature_9,Feature_10,Feature_11,Feature_12,Feature_13,Feature_14,Feature_15,Feature_16,Feature_17,Feature_18,Feature_19,Feature_20,Feature_21,Feature_22,Feature_23,Feature_24,Feature_25,Feature_26,Feature_27,Feature_28,Feature_29,Feature_30,Feature_31,Feature_32,Feature_33,Feature_34,Feature_35,Feature_36,Feature_37,Feature_38,Feature_39,Feature_40,Feature_41,Feature_42,Feature_43,Feature_44,Feature_45,Feature_46,Feature_47,Feature_48,Feature_49,Feature_50,Feature_51,Feature_52,Feature_53,Feature_54,Feature_55,Feature_56,Feature_57,Feature_58,Feature_59,Feature_60,Feature_61,Feature_62,Feature_63,Feature_64,Feature_65,Feature_66,Feature_67,Feature_68,Feature_69,Feature_70,Feature_71,Feature_72,Feature_73,Feature_74,Feature_75,Feature_76,Feature_77,Feature_78,Feature_79,Feature_80,Feature_81,Feature_82,Feature_83,Feature_84,Feature_85,Feature_86,Feature_87,Feature_88,Feature_89,Feature_90,Feature_91,Feature_92,Feature_93,Feature_94,Feature_95,Feature_96,Feature_97,Feature_98,Feature_99,Feature_100,Feature_101,Feature_102,Feature_103,Feature_104,Feature_105,Feature_106,Feature_107,Feature_108,Feature_109,Feature_110,Feature_111,Feature_112,Feature_113,Feature_114,Feature_115,Feature_116,Feature_117,Feature_118,Feature_119,Feature_120,Gesture
-0.3506,0.7627,-0.5393,0.6104,-1.0376,-0.8545,-0.1946,-0.8806,0.3633,-1.6479,0.4272,-0.1221,0.1348,-0.9451,-0.106,-2.9297,-1.2207,-1.0376,-0.0117,0.0354,0.9709,-4.5166,-0.6714,1.5869,-0.8069,0.1409,0.5432,-7.6904,-2.0752,-1.6479,-0.4922,1.5654,-0.6768,-24.6582,-16.6626,3.1128,0.1665,-1.2024,0.4309,-24.4751,-96.1914,-93.0786,0.5381,-0.7524,-0.3892,-93.2617,-97.7173,-165.1001,0.366,-0.355,0.8423,-144.8975,-132.019,90.7593,-0.8804,-0.2263,0.4023,-208.7402,88.9893,125.9155,-0.3572,0.4988,-0.3379,48.2178,-10.5591,-2.6245,-0.0498,-1.0132,0.157,-13.9771,-44.0674,33.02,0.4531,-0.6033,-0.7053,-18.4326,-58.7158,-19.7754,0.3015,-0.7385,0.6733,-63.1714,-13.4277,66.4673,-0.7334,-0.0254,0.6121,-50.7813,13.7329,66.4063,-0.5916,0.6135,-0.3816,-71.5332,-33.5693,-17.9443,-0.123,-0.8889,-0.5293,-133.3008,-39.4287,53.0396,-0.1479,0.0361,-1.0159,-77.1484,-153.3813,-50.2319,-0.4714,-0.9812,-0.1526,-108.2153,-39.3066,149.9634,-1.0601,0.1292,0.0273,14.0381,-11.4136,6.7749,food
-0.8931,0.2046,0.0466,47.7295,78.7354,26.7944,0.218,-1.1045,-0.9102,19.2871,-121.9482,-20.9961,0.1721,-0.1152,-1.0715,25.0244,-53.2227,-69.7632,-0.3176,-0.9983,-0.2002,-45.2271,-152.0996,78.3691,-0.844,-0.2524,0.1787,-133.0566,33.7524,63.1714,-0.9089,0.8757,-0.3843,-46.6919,17.6392,76.7822,-0.3962,-0.7224,-0.1892,33.02,-151.7334,26.6113,-0.1348,-0.2578,-0.813,19.7754,-35.4004,-166.4429,-0.4348,-0.4734,0.5557,33.6914,-117.3096,-27.71,-0.7991,0.3088,0.2808,-136.7798,-18.6157,-32.5317,-0.7983,0.7415,-0.1641,-24.292,6.3477,-10.1929,-0.5012,-0.9944,-0.2102,-3.6621,-19.7144,9.7656,-0.4417,-0.2708,-0.9792,-11.9019,-22.583,-26.4282,-0.6626,-0.8162,0.3718,-7.6904,-19.6533,16.7847,-1.053,0.0344,0.0562,-42.5415,32.8369,-0.1221,-0.7622,0.6265,-0.1599,0.2441,6.1035,0.6714,-0.4629,-0.9194,-0.1274,1.4038,-4.6387,-3.0518,-0.3774,-0.2717,-0.897,-2.3193,3.54,-5.6152,-0.5439,-0.7852,0.3945,-2.8076,-5.5542,-2.3804,-1.0203,0.0122,0.0256,-4.8828,0.3662,-5.249,food
-0.9644,0.3057,0.085,-2.7466,-3.6621,-5.7983,0.0708,-0.8174,-0.6514,-1.77,-4.6997,0.7935,0.2473,-0.2693,-0.9272,1.2207,-3.54,-1.5869,-0.1318,-1.002,-0.1013,1.3428,-2.6855,3.0518,-0.8677,-0.3459,0.3381,-2.3193,1.0376,-1.8311,-0.9316,0.2356,0.1648,5.5542,13.4277,5.8594,0.0574,-0.7812,-0.5757,7.4463,-4.2114,-6.7749,0.2434,-0.2927,-0.8416,2.8687,2.1362,-7.2021,-0.1345,-0.9866,-0.1157,-23.6816,-32.0435,5.0659,-0.9392,-0.354,0.1887,-22.522,-3.1738,7.7515,-0.895,0.2703,-0.323,15.1367,35.2173,52.4292,-0.1162,-0.9954,-0.1484,56.5796,-94.9707,38.3911,0.0908,-0.3838,-0.8745,-60.9741,-79.0405,-102.7832,-0.5327,-0.9041,-0.0098,-54.6875,-146.7896,85.2661,-0.939,-0.1248,0.2356,-127.1362,3.1128,82.7026,-0.791,0.5,-0.2651,-48.584,-15.4419,36.9873,-0.335,-0.9731,-0.2854,3.7842,-108.2153,19.2871,-0.3149,-0.0342,-1.0085,67.0166,-40.1611,-105.5298,-0.6396,-0.6897,0.3599,47.8516,-58.8989,-13.1226,-1.0005,0.0571,0.1492,-115.9668,30.9448,-11.1694,food
-0.9465,0.3813,0.1741,-1.2817,-1.9531,-2.0752,0.063,-0.866,-0.6328,1.2207,1.3428,1.77,0.2559,-0.2478,-0.9768,-0.3052,-0.4883,1.2207,-0.1616,-1.052,-0.0544,0.5493,0.6714,3.418,-0.9417,-0.3887,0.2756,0.0,0.7935,-0.7935,-0.9834,0.2878,0.0989,39.2456,58.4106,-9.3384,0.2393,-1.1008,-0.5054,12.8174,-175.8423,-35.0342,0.3567,-0.3494,-1.0066,-12.207,-123.9014,-75.5005,-0.2771,-0.874,0.0571,-65.918,-219.0552,167.8467,-0.3772,-0.1714,0.7266,-160.5835,10.5591,181.0303,-0.8516,0.1689,-0.2078,33.4473,62.3779,90.332,-0.2778,-0.9023,-0.2219,88.8062,-80.6885,56.3965,-0.2244,-0.0403,-0.8608,-60.8521,-105.4077,-136.1694,-0.6758,-0.7068,0.1338,-1.0986,-123.1689,47.1802,-1.0256,-0.0095,-0.0005,-78.7964,-56.5186,60.6689,-0.7783,0.5581,-0.1653,15.7471,2.6855,19.8364,-0.4355,-0.8662,0.0884,38.5742,5.4932,1.4648,-0.2715,-0.2808,-0.8691,14.3433,3.8452,-0.1831,-0.5449,-0.5935,0.5466,7.2021,0.9766,-26.6113,-0.9221,0.0317,0.1748,-3.54,13.3057,-17.0898,food
-0.8074,0.2756,-0.3196,-26.9165,-16.2354,-84.5337,-0.0046,-1.1006,0.0369,-79.7729,-13.4277,46.3867,0.1804,-0.3289,-0.9009,-45.5933,-53.7109,-23.5596,0.0271,-1.0073,0.1707,-121.2769,-57.8613,93.6279,-1.0383,-0.4863,0.2888,-61.2793,-44.4946,48.2178,-0.917,0.4622,-0.1338,-52.3071,-14.6484,38.5132,-0.3115,-0.8838,0.176,-5.127,-258.7891,36.6821,-0.187,0.895,-1.2202,-36.1328,-223.3276,-531.0059,-0.4424,-1.0693,-0.8406,-122.1313,-420.8984,128.6011,-0.7087,-0.2661,0.3052,-258.4229,-17.0288,194.7021,-0.8376,0.7034,0.1526,-34.5459,29.1748,-32.1045,-0.8789,-0.6995,0.1689,-24.1089,-75.3174,44.5557,-0.3945,-0.7571,-0.7878,-26.9165,-52.002,-69.3359,-0.7632,-0.3889,0.6033,3.2959,-43.396,65.0635,-0.8926,0.1777,0.2717,-44.5557,-42.7246,47.4243,-0.9187,0.3662,-0.157,-0.9766,5.4932,1.9531,-0.7319,-0.7173,0.1165,115.4785,39.5508,2.1362,-0.5281,-0.4976,-0.7324,1.9531,2.4414,-8.3008,-0.7925,-0.3799,0.5579,-3.2349,-8.0566,-2.5024,-0.9253,0.27,0.3176,-8.606,8.5449,-2.2583,food
-0.8469,-0.0481,0.0776,7.6294,40.7104,7.9956,0.0122,-0.9246,-0.3865,4.6387,-22.1558,-22.583,0.2993,-0.4741,-0.8213,-26.9775,-11.0474,-24.4751,-0.3689,-1.0762,-0.231,-80.4443,-89.9658,101.0742,-0.8098,-0.1812,0.4358,-127.0142,62.6831,119.0796,-0.8521,0.4026,-0.405,44.0674,30.8228,145.6299,-0.1982,-0.803,-0.1353,101.8677,-218.75,111.8164,-0.0862,-0.2297,-0.6631,-69.1528,-212.2803,-257.3242,-0.6462,-0.533,0.0842,43.7622,-252.5635,79.4067,-0.5422,0.5796,0.3411,-39.2456,-164.3066,146.4233,-0.7617,0.5652,-0.0208,-10.376,3.479,-4.2114,-0.5713,-0.8406,0.0549,7.2632,-15.0757,12.2681,-0.4023,-0.3701,-0.8201,6.2866,-4.1504,-12.4512,-0.6831,-0.4658,0.5471,-5.5542,-23.9258,-1.709,-0.9443,0.1099,0.1978,-12.8784,-5.7373,-4.8218,-0.7893,0.6045,-0.1277,0.6714,1.3428,-1.709,-0.5916,-0.8062,0.1375,9.8877,-1.1597,5.9814,-0.3875,-0.4111,-0.8005,1.4038,-0.9155,-0.1221,-0.6663,-0.4858,0.5652,-1.8311,-0.9766,0.1831,-0.9622,0.0901,0.2202,-0.4883,-0.6104,-0.9766,food
-0.7644,-0.3193,-0.0315,99.7925,50.7202,150.1465,0.979,-1.1785,-2.4226,68.5425,-484.1309,66.2842,0.5054,0.2659,-2.1553,27.0996,-576.2939,-236.7554,-0.2563,-1.7007,-0.7471,-27.2217,-407.7759,427.5513,-1.3691,-1.3728,0.1763,-304.6875,49.5605,314.8193,-0.752,0.7114,-0.0095,-22.3999,6.5918,-17.8223,-0.5723,-0.9272,0.0483,-7.9346,-11.0474,25.0854,-0.4382,-0.3032,-0.8896,9.1553,-18.6768,-17.7002,-0.5798,-0.6682,0.4929,15.5029,-13.9771,9.7656,-0.9424,0.1223,0.1907,-51.4526,39.978,15.9302,-0.7756,0.6377,-0.1033,2.7466,-0.1831,-0.3662,-0.5945,-0.824,0.1279,2.6855,-2.0752,2.2583,-0.4365,-0.3474,-0.8442,2.3804,0.3662,-2.2583,-0.5957,-0.6597,0.5063,1.0376,0.1831,-0.3052,-0.9832,0.1089,0.1934,-3.0518,4.8218,-1.3428,-0.7815,0.6365,-0.1157,-1.6479,0.061,-1.4038,-0.5974,-0.8127,0.1399,-0.6714,-1.2207,2.6855,-0.4265,-0.353,-0.8386,0.3052,-2.1973,-2.8076,-0.5833,-0.6624,0.512,0.0,-0.3662,1.77,-0.9893,0.0908,0.2024,-1.8921,0.7324,1.6479,food
-0.9346,0.3342,-0.1755,-8.9722,18.7378,66.04,-0.512,-0.8018,0.1211,61.4624,-96.8628,86.3037,-0.2803,-0.2834,-0.8201,-69.2749,-191.5283,-186.3403,-0.8027,-0.6528,0.0662,-5.9204,-180.0537,88.6841,-1.0127,0.0183,0.073,-78.064,-30.0903,139.3433,-0.8115,0.5144,-0.061,8.1177,8.3618,2.9297,-0.5562,-0.7791,0.1929,47.3022,-37.3535,16.6016,-0.3564,-0.4443,-0.7375,16.4185,1.709,-36.1328,-0.5735,-0.4619,0.5767,-0.3052,-18.6768,-19.8975,-0.8872,0.1746,0.3416,-9.0942,-16.9678,-0.3052,-0.8137,0.5674,-0.1182,0.1831,0.8545,-1.77,-0.5547,-0.8052,0.23,1.1597,-1.0986,2.6855,-0.4019,-0.4006,-0.8015,1.4648,-1.3428,-2.3193,-0.6318,-0.5137,0.5793,1.2207,-1.2817,1.4648,-0.9263,0.1577,0.29,-0.4272,0.9155,-0.1831,-0.8306,0.5571,-0.0823,-2.2583,0.4883,-1.2817,-0.5876,-0.8071,0.2012,0.6714,-0.6104,1.6479,-0.4321,-0.4041,-0.8047,1.4038,-0.9766,-3.1738,-0.6477,-0.5068,0.5825,0.2441,-0.4883,1.0376,-0.937,0.1731,0.2847,-0.061,0.061,0.9766,food
-1.0068,0.1606,0.2607,13.6108,63.1104,9.8267,-0.0767,-0.9263,-0.3574,-4.7607,-227.9053,38.0859,0.2297,-0.3262,-0.9082,18.0664,-213.9893,-180.1147,-0.571,-0.7666,0.0618,76.5991,-177.3071,103.0273,-0.8696,-0.1711,0.2615,-114.8682,-28.3203,114.8682,-0.9727,0.5068,-0.2805,-77.3926,-19.2261,60.3027,-0.5364,-0.9072,0.1748,18.4326,-68.5425,52.9175,-0.3364,-0.4233,-0.853,37.9639,-61.7065,-62.2559,-0.678,-0.3972,0.6589,0.061,-52.5513,-5.127,-0.9612,0.2947,0.3679,-44.5557,-5.7983,27.9541,-0.8984,0.4434,-0.1104,-2.4414,2.2583,1.709,-0.5945,-0.8132,0.2356,0.1221,-3.9062,0.061,-0.3616,-0.4663,-0.833,2.9907,1.0986,-4.8218,-0.6064,-0.4863,0.6731,-3.9062,-5.9204,-3.3569,-0.8877,0.2852,0.3979,-13.3667,0.1221,1.77,-0.8918,0.4558,-0.1277,-2.6855,1.3428,-1.5259,-0.5823,-0.8123,0.2322,-2.2583,-3.418,1.0376,-0.3728,-0.4492,-0.8235,-0.3662,-0.7935,-4.8828,-0.6018,-0.5005,0.6658,0.061,-4.1504,1.4038,-0.8901,0.2712,0.3931,-4.6387,-1.2817,2.5635,food
-0.895,0.2527,-0.3792,8.3008,19.7754,37.7808,0.0349,-1.1428,-0.4927,50.9033,-127.3193,77.2705,0.0281,-0.1152,-1.1558,-60.6689,-176.9409,-104.3091,-0.6921,-0.7861,-0.1846,28.5645,-128.8452,73.3032,-0.9692,-0.1721,-0.0298,-84.4116,-31.8604,90.8813,-0.6677,0.5466,0.1731,5.3101,23.5596,38.5132,-0.449,-0.9014,0.2327,16.6016,-64.0869,12.8784,-0.4343,-0.1533,-0.8835,-17.395,-17.0288,-82.9468,-0.5891,-0.531,0.6621,-24.292,-49.1333,-15.1367,-0.9985,0.1094,0.3757,-5.9814,-40.5273,-2.6855,-0.752,0.6487,-0.1543,-0.2441,0.1221,-7.5684,-0.4583,-0.8452,0.3013,0.3052,-1.0986,6.7139,-0.3352,-0.3145,-0.863,0.9766,-2.7466,-4.6997,-0.6042,-0.5737,0.5371,1.2817,-2.3804,1.8921,-0.9348,0.1445,0.2798,-7.8735,3.0518,-0.3052,-0.7546,0.6228,-0.1689,-0.2441,-3.54,-1.2207,-0.449,-0.8342,0.3215,0.3662,1.6479,0.8545,-0.3462,-0.3154,-0.8677,-1.1597,-1.0376,0.061,-0.6216,-0.5784,0.5388,-0.3052,1.8311,0.9766,-0.9431,0.1487,0.2644,-1.0986,1.0986,1.2817,food
-0.7285,0.0366,-1.1858,-131.5308,-139.8315,295.4102,-0.8198,0.2034,0.8394,108.8867,93.9941,-201.2939,-0.666,-0.6025,0.5833,22.0337,190.3687,-83.9844,-0.2673,0.6851,0.7744,-3.8452,-92.5903,-192.5659,-0.7966,0.4392,0.4504,193.1152,-54.5044,-113.6475,-0.5437,0.4148,-0.6548,-41.9922,-40.8325,-25.8789,-0.5298,-0.6084,0.6067,17.5781,15.3809,-10.8032,-0.2612,-1.033,0.0688,12.8174,24.4751,4.5776,-0.2368,0.1895,1.0676,19.2871,0.6104,-24.4751,-1.2766,0.0198,-0.1348,-188.4155,195.0684,15.1978,-0.594,0.3596,-0.6641,8.3618,-3.0518,-16.5405,-0.646,-0.4685,0.564,-7.9346,6.7139,7.9346,-0.4155,-0.8994,0.0598,-7.6294,-2.3804,9.8267,-0.3728,0.218,0.8943,-3.479,15.1367,5.3711,-0.9453,0.2842,-0.0762,-70.4346,68.9087,20.1416,-0.5718,0.3772,-0.7009,25.6958,36.0718,-33.6914,-0.5723,-0.5503,0.5781,-16.1133,-21.8506,-2.5024,-0.321,-0.9263,0.0381,-6.958,-18.5547,-20.2637,-0.3181,0.1526,0.8872,-20.752,-9.1553,11.8408,-0.885,0.2432,-0.0996,6.5918,-14.9536,25.7568,hello
-0.5581,-0.0176,-0.8831,-17.7002,8.5449,-16.9067,-0.7925,-0.0789,0.7466,-3.7231,-10.0098,23.6816,-0.6248,-0.821,0.4309,11.2915,-19.4092,14.8926,-0.4297,0.7209,0.7092,12.085,7.6904,14.5874,-0.7185,0.7329,0.2905,-12.7563,-2.5024,-10.437,-0.5657,0.4788,-0.6912,39.917,-24.9634,57.5562,-0.4995,-0.4744,0.8113,39.4287,33.9355,-48.2178,-0.1165,-1.0288,0.1787,35.0952,93.9331,7.9956,-0.0977,0.2344,1.0486,51.6357,-30.2124,-87.9517,-1.1279,0.0911,0.158,-98.5107,179.9927,77.2095,-0.3237,0.6218,-0.5149,67.5049,-52.4292,-77.5146,-0.5151,-0.4734,0.6758,-5.4321,13.0615,8.606,-0.2207,-0.9478,0.1167,-16.1743,-0.7324,15.3809,-0.239,0.2644,0.8162,19.2871,22.7661,-23.2544,-0.9031,0.145,-0.0439,-119.751,82.6416,-27.6489,-0.5947,0.4431,-0.7061,-9.2163,-1.1597,0.9766,-0.6855,-0.2688,0.7039,-2.1362,2.1973,-2.3804,-0.4336,-0.9138,0.2593,-6.5918,3.2959,-2.1362,-0.335,0.5071,0.8333,-6.5918,-1.9531,-6.958,-1.0085,0.2759,-0.0015,-6.958,8.667,-11.2915,hello
-0.5325,0.5837,-0.5244,19.9585,-35.0952,102.8442,-0.7095,-0.4194,0.4531,14.8315,10.437,-65.1855,-0.3169,-0.9019,-0.1052,4.6387,71.8994,-20.0806,-0.3215,0.2026,0.9897,29.6021,-48.7671,-74.5239,-1.1689,0.0735,0.0918,-180.0537,232.605,-59.082,-0.5469,0.6025,-0.5769,14.5264,22.644,8.3008,-0.7012,-0.3423,0.5828,1.709,-4.7607,-4.9438,-0.3904,-0.8726,0.0808,3.7842,7.2632,-6.1035,-0.3445,0.3855,0.762,7.019,-12.5122,-5.188,-0.8826,0.1912,-0.0601,-31.6162,27.832,-27.71,-0.5381,0.6162,-0.5745,3.2349,-1.5869,1.8311,-0.657,-0.4495,0.5295,1.77,2.8076,-0.8545,-0.323,-0.9138,-0.0374,-1.8921,2.2583,0.2441,-0.364,0.2974,0.8352,-2.1362,0.8545,-1.709,-0.9106,0.0696,-0.1936,6.3477,-4.2114,-3.1738,-0.5479,0.4724,-0.6423,1.77,-0.2441,-4.1504,-0.7065,-0.387,0.5415,2.2583,1.5869,4.0894,-0.3938,-0.9136,0.0237,0.4883,-0.061,3.418,-0.4009,0.3555,0.822,1.1597,2.8687,1.2207,-0.9768,0.1328,-0.1482,0.3052,-1.3428,6.0425,hello
-0.3738,0.1782,-0.8694,1.1597,0.9766,-1.77,-0.6436,-0.4133,0.5754,0.9766,-1.5869,2.0752,-0.3054,-0.918,0.0896,1.4038,-1.2817,0.4272,-0.311,0.29,0.8779,2.6855,-0.4883,2.6245,-0.8337,0.4377,0.2795,-0.1831,-5.7373,2.6245,-0.363,0.0813,-0.9551,-5.5542,-6.2256,5.127,-0.7043,-0.3096,0.6665,7.2632,3.54,-0.2441,-0.3784,-0.9456,0.2139,3.9673,2.8076,2.8076,-0.3242,0.4277,0.8926,10.3149,0.6714,1.4648,-0.7712,0.5776,0.3406,-3.7842,10.0708,-16.2964,-0.5471,0.4417,-0.698,-35.2173,-72.5098,37.1094,-0.646,-0.4788,0.5549,27.771,21.2402,-13.4277,-0.2854,-0.9622,0.0596,-3.6621,31.5552,8.4229,-0.3022,0.2937,0.9185,18.1885,-3.1738,-35.4614,-1.0037,0.2493,0.1465,-29.2358,92.8955,-11.8408,-0.6167,0.5251,-0.5833,-7.5684,-36.3159,31.25,-0.717,-0.4524,0.5525,17.4561,9.0332,-13.916,-0.3491,-0.9702,-0.0068,8.606,23.3154,5.4321,-0.3806,0.2649,0.8989,14.8315,-3.479,-25.8789,-1.011,0.1421,-0.1648,57.9834,-13.3667,-12.2681,hello
-0.3215,-0.0874,-1.1897,-54.1382,-84.5947,73.0591,-0.8889,0.0168,0.8118,33.02,29.8462,-33.9355,-0.6465,-0.8621,0.4583,8.667,56.5796,-1.0376,-0.4807,0.7043,0.7397,31.7383,-5.6152,-54.0771,-0.7529,0.7136,0.3179,43.335,24.231,-82.9468,-0.7009,0.6711,-0.6155,27.9541,-49.8047,23.4985,-0.7085,-0.4832,0.6462,32.5928,38.208,-17.7612,-0.302,-1.0491,0.0437,7.3853,43.5181,20.4468,-0.2913,0.3325,1.0181,18.9819,6.2866,-48.7061,-1.1245,0.1431,-0.1167,-52.6733,97.9004,-4.9438,-0.6353,0.302,-0.5557,-4.2114,-33.8135,31.1279,-0.7717,-0.3206,0.4497,20.1416,14.7095,-21.4233,-0.5139,-0.8457,0.0308,6.5308,27.1606,3.418,-0.5044,0.3511,0.7681,14.0381,-2.6855,-31.189,-0.9763,0.2163,-0.1833,29.7241,12.207,-16.6016,-0.7625,0.6589,-0.3809,23.5596,-9.3384,-12.8174,-0.7527,-0.4915,0.449,-6.5308,15.0146,-18.7378,-0.4451,-0.8655,-0.1384,-15.9302,16.9067,-9.0332,-0.5312,0.1628,0.7898,-15.1978,-7.5073,-15.625,-0.8875,0.0156,-0.387,59.3872,-9.1553,-10.5591,hello
-0.5818,0.4299,-0.7439,-40.9546,-106.0181,123.8403,-0.6904,-0.4265,0.614,61.9507,29.7241,-36.3159,-0.3464,-1.009,0.1321,13.3667,60.5469,5.0049,-0.2778,0.3789,1.0295,22.8271,-20.4468,-68.1763,-1.1416,0.2896,0.1553,-54.5044,158.2031,-51.6357,-0.6226,0.4856,-0.4478,15.564,-49.3164,-23.5596,-0.6619,-0.4656,0.4177,18.3105,38.8184,2.7466,-0.3694,-0.8452,-0.085,-9.4604,24.1089,27.1606,-0.4048,0.1787,0.8162,5.127,24.1699,-31.7993,-0.8708,0.1399,-0.292,102.6611,-24.5361,-16.8457,-0.7546,0.3577,-0.5486,11.5356,1.9531,-11.7187,-0.8032,-0.2847,0.4014,10.7422,5.5542,3.1738,-0.5552,-0.7903,-0.01,5.5542,5.6152,6.6528,-0.54,0.2842,0.7207,8.5449,5.3711,-5.188,-0.8521,0.1975,-0.2822,7.2021,-5.3711,-5.6763,-0.7329,0.4351,-0.5056,-0.8545,-2.9907,0.8545,-0.793,-0.3435,0.3875,0.5493,0.061,0.5493,-0.5479,-0.7795,-0.061,-2.2583,-1.4648,-2.5024,-0.5608,0.2546,0.7209,-0.9155,-0.9155,2.3193,-0.8757,0.1729,-0.3066,3.8452,-2.3804,2.2583,hello
-0.2771,0.1763,-0.9307,0.3662,4.8828,0.0,-0.457,-0.511,0.6931,5.5542,-2.3193,2.0142,-0.1404,-0.958,0.1909,6.2256,0.1221,1.4038,-0.1194,0.3752,0.908,4.2725,-0.1221,1.77,-0.8367,0.3394,0.4348,-8.1787,12.085,-0.7324,-0.1963,0.1768,-1.238,-28.9917,-98.2056,20.874,-0.6809,-0.2681,1.0906,60.8521,73.9746,-8.606,-0.3066,-1.2004,0.5505,13.4888,79.834,42.8467,-0.1113,0.8369,1.0222,11.1084,36.0107,-59.8145,-1.176,0.3386,0.5708,88.501,102.9053,-52.3682,-0.5903,0.292,-0.5667,22.0337,-114.6851,73.1812,-0.6316,-0.3618,0.4497,36.8652,66.5894,-8.1787,-0.4038,-0.751,0.0085,15.3809,68.5425,46.3257,-0.4358,0.2888,0.6748,36.0107,18.6768,-75.3784,-0.7595,0.415,-0.1677,-12.8784,123.1689,32.6538,-0.8372,0.458,-0.4312,16.1743,-32.2876,3.8452,-0.7844,-0.353,0.5042,12.5122,27.0386,-7.7515,-0.5396,-0.8279,0.0325,-3.1738,23.1323,14.9536,-0.5408,0.3635,0.7085,6.4697,5.7373,-36.499,-0.8718,0.2654,-0.3027,81.7261,-14.4653,-7.8125,hello
-0.4929,0.2209,-0.8132,39.0015,-77.5757,48.4009,-0.5793,-0.3547,0.4971,50.7813,53.894,-12.5732,-0.3081,-0.8748,0.1094,9.1553,67.5659,49.0112,-0.3069,0.428,0.8413,26.2451,22.7661,-76.8433,-0.9329,0.4512,0.0464,76.8433,81.0547,8.5449,-0.7781,0.4531,-0.4731,7.6294,-54.5044,45.9595,-0.6667,-0.5127,0.5425,24.6582,30.8838,1.1597,-0.3794,-0.9292,0.0132,4.5776,26.123,22.522,-0.4136,0.3369,0.8247,13.1226,12.5122,-32.2876,-0.8813,0.2861,-0.3167,67.1997,-9.3384,-1.0986,-0.7231,0.4036,-0.429,22.0947,-17.1509,6.4697,-0.7368,-0.3262,0.3877,14.4043,15.564,-18.2495,-0.5176,-0.7527,-0.03,0.9155,28.1372,-0.8545,-0.5564,0.2771,0.6689,0.7935,-11.7798,-22.0337,-0.7766,0.2812,-0.3945,36.9873,2.1362,-5.249,-0.8159,0.3938,-0.4871,0.1831,-1.1597,-4.7607,-0.7988,-0.3982,0.4944,-3.418,3.6011,2.1973,-0.5305,-0.8801,0.0154,-6.7749,0.4272,1.77,-0.5649,0.3586,0.7627,-2.9297,4.4556,-3.479,-0.9231,0.2373,-0.3835,1.0376,6.8359,-2.0142,hello
-0.7273,0.3975,-0.7163,-32.8979,-112.1826,50.7202,-0.4988,-0.625,0.7239,2.7466,53.4668,-4.0894,-0.1179,-1.0669,0.0623,-22.522,38.208,34.9731,-0.1697,0.3909,0.9502,-0.8545,25.1465,-52.3682,-0.9475,0.3184,-0.2051,78.6133,32.6538,95.3369,-0.7881,0.4861,-0.3894,13.855,-46.9971,39.7339,-0.6194,-0.5142,0.5591,13.0005,37.2925,-16.0522,-0.2837,-0.9199,-0.0498,-12.085,37.5366,11.9629,-0.3354,0.2915,0.8591,0.1831,3.9062,-46.4478,-0.8623,0.2263,-0.3965,109.0698,-3.0518,-41.687,-0.8242,0.4177,-0.3481,11.8408,-12.2681,-7.5073,-0.6416,-0.5085,0.4421,0.4883,8.728,-2.1362,-0.3398,-0.8787,-0.1074,-0.7935,7.2632,5.3101,-0.4116,0.2595,0.8245,-0.6714,2.7466,-8.8501,-0.8198,0.1179,-0.4541,13.855,-1.5869,-4.5166,-0.8379,0.4136,-0.3872,-1.2817,-2.9297,-2.0752,-0.6765,-0.5542,0.4988,-5.188,6.8359,3.418,-0.3423,-0.9446,-0.1096,-7.2021,-0.4883,4.8828,-0.4219,0.2581,0.855,-2.5635,6.2256,-1.2817,-0.8738,0.0942,-0.4695,0.9155,1.9531,2.1973,hello
-0.4133,0.2705,-0.9065,14.4653,-48.7061,8.4839,-0.4714,-0.4473,0.8157,20.6909,37.4756,-3.7231,-0.1907,-1.02,0.293,8.4229,40.1001,25.2686,-0.1611,0.6379,0.8516,12.207,11.1084,-43.457,-0.9314,0.5059,0.2937,118.9575,34.8511,-36.0107,-0.6753,0.2878,-0.7896,-2.6245,-78.064,41.687,-0.5566,-0.4712,0.7458,24.8413,38.269,-14.0381,-0.269,-0.979,0.1953,-7.019,41.626,16.1743,-0.26,0.5339,0.8232,9.8877,0.6104,-47.4243,-0.9175,0.4221,-0.1101,-1.9531,103.7598,12.6953,-0.7585,0.3679,-0.5498,20.0806,-64.0259,36.9263,-0.5935,-0.4814,0.5955,18.3105,36.8652,-16.6626,-0.334,-0.9167,0.0486,-3.3569,40.8325,10.498,-0.3672,0.4263,0.8037,2.8687,-3.9673,-41.748,-0.8274,0.4141,-0.3745,85.8154,-12.085,9.8267,-0.8501,0.4158,-0.3342,7.2021,-37.5977,11.5356,-0.6265,-0.5173,0.5352,-7.019,12.207,-14.5874,-0.3513,-0.8972,-0.0337,-12.3291,13.0005,-3.1128,-0.3933,0.3394,0.803,-10.498,-6.1035,-11.7798,-0.7935,0.2034,-0.498,27.832,12.3901,-13.6719,hello
-0.5657,0.1987,-0.8179,3.9062,2.7466,0.4272,-0.4814,-0.606,0.7976,5.3101,-6.958,-5.6152,-0.0659,-1.0447,0.1438,-3.418,-1.4038,-22.2778,-0.157,0.5222,0.8438,3.7231,-10.6201,9.7046,-0.6736,0.5574,0.3066,0.6714,-9.9487,-10.0708,-0.5745,0.1538,-0.9333,28.1372,-4.8828,11.9019,0.2207,0.2571,0.0767,213.8672,-420.2271,-347.1069,0.1157,0.6501,0.2932,260.1929,-10.9253,-512.146,0.0818,0.105,0.0476,199.2187,-342.7734,326.6602,-0.3662,0.3093,0.1995,-43.457,-14.8315,41.626,-0.6372,0.0591,-0.7932,9.3384,-16.7236,3.418,0.8794,0.3018,0.3691,4.0283,-45.8984,-15.8081,0.7354,0.312,0.6345,20.3247,11.8408,-73.7305,0.9429,0.3645,-0.0098,14.4043,-61.7065,29.6631,-0.7917,0.4624,0.459,-31.6162,1.4648,-5.9204,-0.7268,0.1147,-0.7529,8.9722,-0.5493,-12.2681,0.9365,0.3069,0.2915,-4.9438,14.5874,8.606,0.6868,0.4019,0.5891,-10.3149,-0.9155,15.1978,0.9382,0.2754,-0.0972,-10.2539,8.728,-18.4326,-0.7488,0.4504,0.4419,36.8042,-29.9072,5.188,yes
-0.7031,-0.063,-0.6826,9.8267,-9.5825,17.9443,0.8677,0.2649,0.3489,-8.3618,-12.3291,-14.7095,0.7004,0.4434,0.5562,4.8218,8.9111,-19.8364,0.9316,0.2795,-0.0403,4.4556,-14.2822,10.0098,-0.7139,0.4316,0.491,-12.2681,10.376,-4.8218,-0.5469,-0.1333,-0.4636,15.1367,-1.2207,38.7573,0.6084,0.1589,0.2358,23.8037,-63.6597,-30.3955,0.4316,0.3027,0.3359,44.0674,22.2778,-73.9746,0.5447,0.1433,0.051,29.9072,-59.2041,54.9316,-0.3835,0.3606,0.2883,-20.0806,-61.5234,24.1089,-0.7261,0.3098,-0.9534,-27.4048,-29.1748,18.6157,0.9663,0.751,0.0798,-4.0283,-13.5498,-3.9673,0.4133,0.8345,0.7715,-0.6104,-5.127,-17.5781,1.03,0.0598,-0.5305,-12.6343,-54.3823,-2.1973,-0.8359,0.0437,0.8638,-20.4468,42.7856,0.4883,-0.6548,0.2837,-0.7861,-3.418,-2.3193,5.6152,0.8342,0.6282,0.0352,1.1597,-7.1411,-2.1973,0.3596,0.7524,0.6497,2.0752,0.3662,-6.7139,0.9419,0.0364,-0.4917,0.1831,-3.8452,4.5776,-0.7725,0.0759,0.696,-11.2305,21.1792,-7.9346,yes
-0.6946,0.1377,-0.6262,-1.5869,0.8545,3.54,0.3149,0.5535,0.6758,2.8076,-0.061,-2.9907,0.4185,0.6165,0.5947,-1.0376,4.0894,-6.4087,0.9187,-0.0605,-0.219,-0.9155,-5.3711,4.5776,-0.7156,0.219,0.5796,-6.897,-2.5635,-7.6904,-0.8862,0.2297,-0.8821,3.6621,4.4556,-5.3101,0.3071,0.8416,0.8313,-5.9204,4.5166,-2.5635,0.4089,0.834,0.8059,-3.8452,-1.2207,4.3945,1.1345,-0.1218,-0.4163,0.4883,5.0659,-5.8594,-0.8931,0.0967,0.8293,17.395,-10.6201,-1.1597,-0.6497,0.177,-0.5076,4.6997,12.3901,-0.4883,0.3027,0.4958,0.5803,3.7231,4.4556,-3.7842,0.3735,0.5803,0.5059,-2.3193,7.2021,-2.8076,0.8474,-0.0825,-0.1917,0.0,-7.4463,-0.9155,-0.6836,0.2258,0.5044,-10.9863,-0.7935,-8.7891,-0.9326,0.4421,-0.8335,-20.3857,14.6484,3.479,0.3789,0.9951,0.7515,39.1846,-10.498,4.9438,0.3621,1.0571,0.8062,19.2871,5.7373,-19.5923,1.2756,-0.3206,-0.5137,2.9907,-6.0425,21.6064,-1.1067,0.0566,0.814,-55.481,14.1602,-21.6675,yes
-0.6831,-0.0715,-0.5315,3.9062,7.0801,0.6714,0.2859,0.2307,0.7861,-1.8311,4.2114,-4.5166,0.554,0.3457,0.5852,-2.9297,4.7607,-1.5869,0.8511,0.0862,-0.0552,-1.4648,-4.5166,-0.061,-0.5762,0.3206,0.5496,-1.2817,-21.1792,-11.7798,-0.9099,0.1665,-0.8469,25.2686,31.0669,-6.4087,0.387,0.6311,0.9719,-7.0801,-1.0986,-0.4272,0.5386,0.6677,0.8918,-2.4414,-4.5166,3.6621,1.196,-0.1194,-0.3323,-2.6245,9.9487,-5.6152,-0.998,0.1436,0.6804,264.6484,-62.2559,-30.6396,-0.655,0.0381,-0.3711,23.1323,0.5493,-3.1128,0.3511,0.2046,0.6492,-16.9067,-2.8076,0.6714,0.5068,0.3931,0.4304,-4.8828,-11.1694,5.0659,0.7573,-0.0435,0.0178,-6.2256,12.5732,-4.4556,-0.5176,0.4348,0.2434,8.5449,-48.7061,0.0,-0.9441,0.1245,-1.0449,-47.9126,10.6812,19.2871,0.3208,0.7271,1.1243,52.2461,-1.1597,-4.8218,0.5762,0.7319,1.0703,18.6157,30.3955,-29.7241,1.3474,-0.0728,-0.468,8.606,-31.9824,28.7476,-1.0969,0.1887,0.8767,-58.7158,72.6318,-18.7988,yes
-0.7131,-0.0085,-0.7058,-2.4414,-10.437,-4.7607,0.4155,0.0659,0.8879,-8.9722,7.5684,1.4648,0.6665,0.2441,0.6919,-6.3477,0.7935,5.8594,0.9905,0.042,-0.0151,-8.2397,-1.2207,-7.7515,-0.7158,0.3813,0.5703,6.2866,13.0005,5.4932,-0.5415,-0.1333,-0.4175,15.8081,14.6484,2.0752,0.1973,-0.1409,0.6108,5.8594,-0.3662,-3.7231,0.5366,0.0264,0.3796,6.4087,16.7236,0.4883,0.6042,0.1475,0.1355,0.9766,-18.0054,5.0049,-0.3359,0.3762,0.4436,-14.1602,-45.8984,-6.0425,-0.6001,0.0479,-0.7341,16.9678,-0.4272,3.6621,0.3694,0.1543,0.813,-6.8359,-1.4038,-6.1035,0.491,0.217,0.7158,-3.7231,-1.0986,-7.2021,0.8855,0.0,-0.1453,-3.7231,1.5869,4.8828,-0.6875,0.0078,0.8123,-516.2964,104.3701,-136.7187,-0.6882,0.093,-0.8352,-0.1831,0.3662,-2.8687,0.4614,0.2297,0.9231,-1.5869,-1.5259,1.2817,0.5332,0.2849,0.8679,2.3804,-0.4272,-0.7324,1.0305,-0.0527,-0.1836,3.1738,2.8076,2.8687,-0.8162,0.2773,0.5769,-0.1831,-7.5684,1.0376,yes
-0.7822,0.2078,-0.6995,6.4087,7.2632,-5.7983,0.4014,0.2585,0.8557,0.4272,4.7607,-0.9766,0.3916,0.501,0.7461,3.6621,7.6294,2.4414,0.8445,-0.3347,-0.3284,1.77,-6.2866,0.9766,-0.7202,0.3015,0.5986,-8.728,-15.564,-12.7563,-0.7739,0.1758,-0.7231,21.8506,8.0566,-11.2305,0.4385,0.2551,0.9109,-23.1934,4.9438,1.9531,0.4534,0.5344,0.7842,-10.8643,-19.043,9.2773,0.9016,-0.3708,-0.3396,-7.6904,17.7002,-14.7705,-0.7832,0.3484,0.5891,27.2827,11.7187,18.2495,-1.0112,0.4687,-1.2354,13.2446,113.4033,5.6152,0.7034,0.7996,1.2227,64.8804,-35.6445,-4.6387,0.4004,1.0864,1.1841,96.9849,33.5083,-23.1934,1.2,-0.8645,-0.7671,-26.7334,-39.978,110.5957,-1.1697,0.3528,1.1958,18.9819,-127.1362,-49.1333,-0.6675,0.2493,-0.8149,-2.3193,-10.3149,1.77,0.4495,0.4375,0.8572,-5.7983,-1.4038,-0.6104,0.3042,0.6626,0.7551,-2.2583,-6.0425,0.5493,0.7822,-0.4832,-0.4766,-3.2959,5.3101,-1.5869,-0.6797,0.1118,0.7656,2.0752,-5.0659,9.3384,yes
-0.8281,0.0586,-0.5757,-2.3193,-8.9722,-0.4272,0.374,0.2158,0.8936,-3.1738,-0.1831,1.2207,0.7476,0.1995,0.645,3.8452,-4.7607,1.77,0.9993,-0.1865,-0.0688,0.4883,4.2114,-1.709,-0.729,0.5273,0.4839,2.9907,-6.5918,1.2817,-0.6162,0.0283,-0.5459,-78.7964,-11.5967,59.5093,0.2351,0.2583,0.7751,92.1021,-77.2705,0.3662,0.5454,0.156,0.668,73.5474,52.6123,-74.4629,0.8918,-0.1895,-0.2444,0.6714,-64.6362,99.4263,-0.8628,0.062,0.8142,-187.8662,50.7202,70.8008,-0.7354,0.2422,-0.5056,2.3193,-0.7935,3.6621,0.4646,0.3401,0.708,0.6104,4.3335,-9.7046,0.5574,0.3816,0.6609,-5.3711,8.1177,-2.1973,0.8145,-0.3833,-0.3291,-20.3247,-35.5225,-3.479,-0.6445,0.2612,0.6748,-11.1084,4.9438,-5.0659,-0.7544,0.2256,-0.5737,2.9907,5.6763,-2.7466,0.4597,0.3687,0.7456,-0.7935,2.8687,-0.6104,0.5635,0.3691,0.6978,-4.6387,2.5024,0.7935,0.8186,-0.3499,-0.4031,-2.3193,-2.3193,-3.2959,-0.6694,0.2197,0.6924,0.7324,-2.5635,-4.7607,yes
-0.8347,-0.041,-0.5032,-3.9062,-2.1973,3.1128,0.21,0.0242,0.9424,-0.6714,-7.9956,0.5493,0.8674,0.0059,0.4614,1.4648,1.4648,-3.54,0.9575,0.1609,-0.1831,-1.6479,-1.6479,1.5259,-0.6567,0.5901,0.4512,-4.2725,-0.8545,-2.6855,-0.906,0.0396,-0.5491,-43.9453,-15.3809,10.0098,0.2571,0.1028,0.9854,-5.8594,-16.9678,-26.6724,0.885,0.0747,0.5972,-39.0625,25.2075,-40.6494,1.0156,0.123,-0.3022,5.7983,-26.2451,8.0566,-0.7351,0.4783,0.5444,-50.6592,29.7241,-22.9492,-0.8547,-0.04,-0.5754,17.7002,18.0664,9.3994,0.2156,0.0398,1.0354,1.1597,22.644,11.9019,0.915,0.0117,0.5322,23.9868,-8.2397,44.7998,1.0186,0.1636,-0.2212,-2.0142,0.6104,-40.0391,-0.7913,0.5305,0.5259,84.2285,-19.2261,-27.2827,-0.6572,-0.0308,-0.3691,17.0288,-18.5547,-6.4697,0.0618,-0.0469,0.7253,-22.8271,8.0566,2.9907,0.6333,-0.095,0.3059,-2.9297,-13.7939,10.5591,0.6663,0.2017,-0.0518,0.7324,16.9067,-1.0376,-0.4812,0.4539,0.2656,43.5181,-164.3677,68.3594,yes
-0.7881,0.0405,-0.5388,5.6763,6.1646,-4.0894,0.1753,-0.093,0.9319,6.4087,10.7422,0.1831,0.8723,-0.1069,0.4041,1.3428,3.54,1.77,0.9272,0.2729,-0.1345,1.0376,-1.2817,-3.7231,-0.7388,0.522,0.3884,4.3335,-12.8784,-7.019,-0.6882,-0.0408,-0.4812,2.1973,4.2725,4.0894,0.054,-0.0891,0.8501,-1.0376,-8.728,-6.4697,0.7532,-0.1455,0.4041,4.6997,5.7373,-13.2446,0.824,0.322,-0.113,5.188,-13.6719,12.5732,-0.6089,0.4712,0.4038,-9.9487,0.9155,-1.2817,-0.8582,0.0786,-0.6812,17.5171,11.9629,-14.0991,0.2444,-0.011,1.009,-9.8267,5.9204,1.9531,0.8799,-0.0376,0.5176,-4.8218,-4.2114,5.7983,0.9536,0.2581,-0.2419,-0.6714,2.9907,-1.5259,-0.6768,0.3862,0.748,-67.688,88.562,-10.0098,-0.8357,-0.0059,-0.6948,37.9639,17.5171,-17.4561,0.1814,-0.0312,1.0823,-11.2915,45.7153,6.2256,0.9497,-0.0764,0.5981,-29.7852,-5.6152,26.9775,1.0435,0.2888,-0.2961,-19.5923,13.6719,-30.2124,-0.8159,0.3938,0.5708,78.2471,130.249,11.7798,yes
-0.8123,0.0654,-0.7234,10.376,-34.9121,-13.1226,0.2336,-0.0273,1.0266,12.3901,49.3164,39.7339,0.9163,-0.0737,0.5049,-3.3569,-0.1831,31.0059,0.9832,0.3137,-0.2153,-4.2725,7.2021,-27.2217,-0.876,0.4248,0.5417,158.6914,-57.1899,58.2886,-0.6243,0.0051,-0.3359,-38.269,-12.5732,13.0615,0.1243,-0.1855,0.667,20.6909,-32.959,2.5635,0.7285,-0.135,0.3015,25.2075,20.3247,-16.6016,0.7585,0.2646,-0.0674,20.813,-32.5928,13.4277,-0.6123,0.5491,0.4656,-170.5933,156.9824,-44.9829,-0.8562,0.1401,-0.7397,4.8828,12.2681,-7.3853,0.3472,0.0325,1.0562,-3.7842,4.6997,-0.9766,0.9414,0.0498,0.5559,0.3052,-3.479,2.5024,1.0002,0.1982,-0.3086,3.2349,5.9814,-0.3052,-0.7881,0.4089,0.4851,-16.6626,10.0708,-22.1558,-0.8208,0.1223,-0.7368,-3.0518,-12.085,3.418,0.2952,0.0476,1.03,-3.479,-6.6528,-0.4883,0.8933,0.0173,0.5637,1.77,-7.0801,-6.5918,0.9585,0.2302,-0.3079,-2.5024,7.019,10.376,-0.7981,0.3835,0.5229,4.3945,-13.7939,16.7847,yes
-0.7744,0.1169,-0.8335,19.043,26.8555,5.3101,-0.0327,-0.3452,1.0623,17.6392,35.2783,41.9922,0.9209,-0.6072,0.1436,4.2114,-6.3477,46.936,0.9053,0.4338,0.1931,6.4087,17.4561,-28.0762,-0.78,0.5066,0.4211,16.8457,-44.1284,38.3301,-0.7129,0.0403,-0.7124,19.2871,32.5317,-29.7852,-0.2859,-0.1624,0.8555,18.5547,61.8896,53.3447,0.5955,-0.7258,0.137,21.3623,-7.0801,79.2236,0.6575,0.6326,0.2642,18.7378,48.584,-65.4297,-0.6184,0.5593,0.4954,24.4141,-112.5488,4.2725,-0.4553,-0.0242,-0.8335,-71.228,-82.7026,49.1333,-0.2827,-0.1174,0.9243,-162.8418,-165.7715,-24.292,0.5322,-0.6211,0.1052,-44.8608,-71.6553,-204.0405,0.5942,0.3706,0.1277,-57.0068,-33.4473,241.0278,-0.2891,0.4651,0.4766,-91.4917,-97.168,67.2607,-0.728,0.0244,-0.3743,-101.4404,-39.917,4.6997,-0.0869,-0.811,0.2097,-96.8628,-72.998,-35.2173,0.5376,-0.0688,-0.5693,-10.1318,-33.5693,-150.5127,0.6514,-0.2493,0.4492,0.3662,-36.8652,131.2256,-0.2124,0.7214,0.4551,105.0415,-212.4023,-247.5586,please
-1.2273,0.199,-0.2539,70.3735,-40.7715,43.8232,0.0881,-1.3945,-0.0959,-39.856,41.1377,-34.9731,0.7241,0.1067,-1.1182,-75.8057,19.8975,15.2588,0.6663,-0.9404,0.8264,-95.0317,3.3569,15.5029,-1.1169,0.2263,0.9302,-67.0776,210.9375,-54.6265,-0.4316,0.3401,-0.407,-0.5493,85.2051,-59.9365,0.1843,-0.5964,0.3516,65.7959,-39.978,76.5381,0.6101,-0.1213,-0.2859,111.2061,-8.5449,18.4937,0.5525,-0.2397,0.2634,111.8774,1.0986,-34.2407,-0.2183,-0.1194,0.3442,238.4644,-339.5996,10.8643,-1.1077,0.1123,-0.688,11.7798,-6.8359,15.3809,0.0977,-1.2429,0.3271,-143.4937,45.4102,-99.9756,0.7468,-0.2932,-1.0105,-83.5571,-10.0708,12.7563,0.7007,-0.4595,0.9973,-77.9419,23.8647,30.8228,-0.439,0.6826,1.0322,-26.123,6.4697,-21.7285,-0.6807,0.5981,-0.3159,-51.8188,2.6245,-57.7393,0.5039,-1.1365,0.0308,-6.1646,-69.7632,43.2739,0.9614,0.3762,-0.6982,56.0913,-39.5508,-41.5039,0.7927,-0.8018,0.3496,67.0776,-4.1504,63.9038,-0.5161,0.353,1.2952,-56.0913,-50.5371,-7.7515,please
-0.7136,0.2983,-0.3096,-86.0596,29.9683,-77.2705,-0.0132,-0.8264,0.1682,5.6763,-103.2715,54.1382,0.46,0.0562,-0.5962,86.2427,-29.4189,-34.729,0.3828,-0.5205,0.4287,90.5151,-41.1377,53.772,-0.5461,0.0994,0.5815,-22.0947,-109.9243,161.1938,-0.9045,0.156,-0.2957,114.0747,-18.4937,78.7964,0.2209,-1.1152,0.0735,-209.2896,113.5254,-149.1699,0.7268,0.0312,-0.9805,-171.5088,23.2544,62.0117,0.7036,-0.6768,0.8574,-145.813,24.5972,-47.5464,-0.6868,0.5342,0.9487,-96.9849,363.7085,-102.7222,-0.5869,0.6365,-0.252,-26.7944,24.292,-75.7446,0.498,-0.9275,0.228,20.1416,-30.8838,75.7446,0.9038,0.1416,-0.448,70.8618,-44.2505,-17.8833,0.8022,-0.5381,0.2551,75.4395,9.7656,37.4146,-0.4133,-0.2026,0.9053,76.4771,-190.1245,106.3843,-0.7288,-0.1086,-0.613,-10.437,-30.5786,36.6821,-0.345,-0.8699,0.4719,-189.0869,-32.2266,-182.8003,0.4729,-0.3567,-0.7964,-157.1045,-4.4556,-11.7187,0.5332,-0.2705,0.8669,-90.3931,1.2817,-18.2495,-0.1997,0.9412,0.5969,-384.9487,504.2114,38.7573,please
-0.7532,0.4177,-0.5469,-70.1294,24.5361,-89.9658,0.1187,-1.0593,0.2429,-13.9771,-107.9712,55.8472,0.7041,0.0056,-0.6812,94.6655,-36.0107,-31.7993,0.6443,-0.5876,0.5388,89.2944,-13.855,30.8838,-0.6826,0.0393,0.7661,-71.0449,-53.772,110.1685,-0.9907,0.0881,-0.8552,14.2212,-16.8457,53.6499,-0.0879,-1.0344,0.5576,-210.8765,-42.4194,-154.9683,0.6292,-0.4246,-0.8682,-143.9209,41.2598,-7.4463,0.7197,-0.3152,1.0066,-102.2339,-6.5918,-19.9585,-0.4575,0.6431,0.9709,-171.814,320.3735,-80.3833,-0.4758,0.5515,-0.2607,-99.3652,7.8125,-98.877,0.3992,-0.7407,0.1118,23.2544,-104.7974,68.0542,0.825,0.0688,-0.3672,94.4214,-58.0444,-61.9507,0.7495,-0.3623,0.2393,80.9326,-23.6206,91.3696,-0.1455,-0.2456,0.8828,28.9307,-239.3799,167.5415,-0.8643,0.0249,-0.8208,150.9399,127.6855,116.8213,0.0654,-1.2126,0.3433,-119.0796,90.7593,-106.5063,0.9016,-0.532,-1.0691,-92.4072,59.8145,142.8223,1.0342,-0.1843,1.3625,-39.856,124.0845,-257.2632,-0.9512,0.5474,1.0603,-119.751,501.77,-122.2534,please
-0.8047,0.396,-0.3811,-0.2441,13.916,-28.6255,0.0486,-1.011,0.041,-8.1787,-50.8423,37.4756,0.583,0.0408,-0.7678,38.6353,-34.3628,-39.7949,0.4751,-0.5459,0.6567,33.4473,0.2441,52.7954,-0.8054,0.0188,0.5637,-75.5615,-84.4727,55.9692,-0.2244,0.1003,-0.2388,-103.2104,-98.999,-5.8594,-0.1719,-0.5359,0.5247,4.5776,-55.603,-208.9233,0.4402,-0.8005,-0.3455,-15.9302,61.4624,-14.8315,0.605,0.5068,0.8113,-5.9814,-60.6689,-39.3677,0.5652,0.4717,0.7415,-66.1011,21.9116,-36.7432,-0.8752,0.8711,-0.1736,-42.2363,-30.8228,0.2441,0.6299,-0.8586,-0.5381,169.2505,50.5371,100.2808,0.7798,0.4373,-0.7856,3.6011,-47.2412,-47.7295,0.5718,-0.8606,0.4963,-4.2114,10.1929,63.4155,-0.9675,-0.1152,0.4746,-119.9951,80.3223,26.123,-0.825,0.0618,-0.7913,-26.7334,25.8789,53.5278,-0.3706,-1.0469,0.5093,-73.3643,23.6206,-127.7466,0.4124,-0.5312,-0.8152,-51.6357,60.0586,17.8223,0.3918,-0.1687,0.979,-55.7251,-28.1982,-58.96,-0.2954,0.6204,0.6868,-110.0464,262.207,-302.7344,please
-0.5537,0.0964,-0.333,-70.1904,-7.2632,-61.0352,-0.1555,-0.5933,0.0449,-15.3198,-80.6274,14.8315,0.2756,-0.2161,-0.479,50.9644,-26.1841,-51.5137,0.2688,-0.1672,0.489,48.1567,-32.4707,72.4487,-0.1982,0.2686,0.5137,17.9443,-114.9902,131.2866,-1.6367,0.8352,-1.3787,15.5029,-69.2749,-57.6782,0.718,-1.6252,-0.4863,3.9062,-97.0459,153.0762,1.0085,0.0728,-1.4629,-28.9917,-24.6582,-62.439,0.6409,-0.8384,1.1455,-67.0166,30.3955,70.7397,-1.4075,0.321,0.5112,85.022,-117.3096,-12.6343,-0.4841,0.0923,-0.3892,-55.7861,3.0518,-62.1338,-0.0425,-0.4614,-0.134,17.1509,-116.333,-17.0288,0.3398,0.0171,-0.4714,100.0977,1.9531,-37.0483,0.3035,-0.1782,0.4429,61.1572,-36.6211,72.0825,-0.1775,0.0874,0.51,139.0381,-350.2197,-29.2358,-1.1445,0.6758,-0.8574,106.2622,-41.3208,124.2676,0.4614,-1.5278,-0.3137,51.8799,117.1875,-31.0669,1.1035,0.0623,-1.2471,-101.0132,49.3774,43.457,0.8472,-1.0674,1.0432,-117.5537,-32.7148,-36.6821,-1.5554,-0.012,0.439,26.7944,-25.8789,-168.6401,please
-0.5181,0.2368,-0.7056,-32.6538,62.2559,-97.168,0.0662,-0.9268,0.2639,31.3721,-68.6035,88.2568,0.6104,-0.2632,-0.5955,98.2056,-56.3354,-5.6152,0.5344,-0.1685,0.6482,101.0742,8.4229,56.2134,-0.3933,0.1699,0.7766,61.2793,-116.0889,95.7031,-0.8398,-0.2688,-0.3713,69.7632,83.313,-2.6855,-0.2524,-1.1255,-0.1047,-100.4639,34.6069,-169.9829,0.3743,-0.3596,-1.0574,-128.6621,104.5532,75.3174,0.5757,-0.3176,1.1667,-82.4585,11.5356,-145.3247,-0.8884,0.8364,0.9612,18.6157,86.792,-116.9434,-0.0813,0.3184,-0.4814,-76.0498,-37.6587,-123.7793,0.1992,-0.5378,0.4714,-33.7524,-85.022,69.519,0.6379,-0.3284,-0.1077,33.8135,-103.3325,-69.2139,0.6528,0.1814,0.2844,35.9497,36.1328,108.4595,0.1978,-0.0029,0.6865,217.2241,-304.1382,203.6133,-1.0427,-0.0874,-0.3066,19.104,59.7534,-27.5269,-0.3452,-1.0718,-0.2322,74.0967,78.2471,-41.3208,0.2661,-0.2266,-1.0994,-10.5591,81.7261,79.895,0.2756,-0.3303,1.145,7.2632,-46.814,-114.8071,-0.6587,1.0593,0.5266,-176.9409,50.9644,-129.5776,please
-0.3845,0.0078,-0.6631,-41.0156,-5.9814,-54.9927,-0.1104,-0.6262,0.2156,-27.8931,-72.6318,-4.8828,0.4055,-0.3862,-0.4182,25.3906,-24.4141,-46.875,0.3787,0.0432,0.5486,26.3062,-7.6904,45.3491,-0.1682,0.3655,0.5537,37.2925,-114.1968,159.79,-0.9224,0.0781,-1.145,81.7871,71.9604,34.3018,0.2312,-1.4973,0.3909,94.4824,77.0874,86.3037,0.8101,-0.5908,-0.9539,-12.3291,12.0239,58.4106,0.7219,-0.0962,1.1357,-23.0713,-9.7656,-37.6587,-0.8811,0.1333,0.7341,180.542,-139.3433,24.7192,-0.53,0.1631,-0.4468,-13.3057,-0.9766,-76.7212,-0.011,-0.5408,0.0291,-55.1147,-50.8423,-15.1367,0.2676,-0.2202,-0.3533,46.814,-2.1362,-12.6953,0.335,-0.1133,0.4714,44.0674,-22.2778,18.0664,-0.1318,0.2129,0.6562,117.7979,-95.459,13.4888,-1.1216,-0.2593,-0.8379,80.7495,101.1353,26.4282,0.2856,-1.6597,-0.1729,89.7827,86.4868,27.5269,0.8503,-0.4341,-1.252,39.6729,6.7749,119.0796,0.7891,-0.3013,1.252,25.0244,50.293,-93.4448,-1.196,0.167,1.0313,-61.4624,209.2896,-190.3076,please
-0.3979,-0.0937,-0.916,-70.9229,-15.9302,-65.918,-0.2375,-0.7712,0.3123,-35.5225,-69.519,-21.2402,0.3921,-0.5491,-0.5056,29.1138,-18.0664,-42.7246,0.4644,0.1978,0.7651,24.7192,-9.0942,39.5508,-0.0872,0.6252,0.7463,-9.0942,26.6113,8.1787,-1.1577,0.2185,-1.4607,40.7715,98.877,91.4307,0.3801,-1.7771,-0.0725,102.2949,44.2505,54.9927,0.9424,-0.345,-1.3286,25.6348,-1.8921,36.6211,0.8899,-0.4814,1.3672,-1.6479,10.0708,-15.8081,-1.2166,0.2183,0.8884,110.3516,-72.876,18.8599,-0.4578,0.1575,-0.4968,44.7388,82.3364,-17.8223,0.0388,-0.7422,0.0964,40.4663,7.8125,22.3999,0.4392,-0.1858,-0.5239,48.9502,18.2495,36.2549,0.4121,-0.1899,0.5576,57.251,-5.3101,-37.1704,-0.3347,0.2578,0.4993,119.3848,-13.7939,78.3691,-1.1296,-0.3374,-1.7031,12.4512,30.4565,35.5225,0.0469,-1.4744,-0.1582,-0.2441,30.2734,-8.606,0.6582,-0.3298,-1.1753,26.4893,12.3901,68.5425,0.5989,-0.3601,1.1914,2.8687,30.0293,-57.0679,-1.1731,0.1589,0.5332,-71.0449,159.9121,-158.7524,please
-0.7231,-0.114,-0.5103,109.1919,25.3906,-0.3052,-0.2329,-0.9602,-0.0876,1.709,55.9692,24.1699,0.4082,-0.4546,-0.8521,7.8735,26.6113,106.7505,0.3459,-0.1682,1.0984,42.1753,38.0249,-106.3232,-0.9746,0.6384,0.5918,121.7041,-66.4673,-114.3799,-0.3169,-0.075,-1.0015,-151.9165,-119.0796,59.2041,-0.3223,-0.6201,0.3474,-116.6382,-91.8579,-113.4033,0.3093,-0.3711,-0.3831,-65.6128,7.8735,-182.0679,0.1841,0.187,0.5535,-136.8408,-97.4121,144.2871,-0.4763,0.0747,0.5508,-179.0161,-36.438,-8.4839,-0.3584,-0.1389,-0.8057,47.4243,-6.2256,-25.0244,-0.3652,-0.6167,0.304,-5.6763,31.0669,18.0664,0.2136,-0.5437,-0.479,13.4277,6.958,44.4336,0.2151,0.1221,0.7803,33.1421,20.3857,-43.5791,-0.2822,0.5593,0.458,77.4536,61.2183,-25.2686,-0.7185,0.217,-1.1089,-97.3511,-85.8765,76.7822,-0.1345,-1.0615,0.2729,-54.9927,-1.4038,0.2441,0.5894,-0.3855,-0.8149,54.8096,9.3384,-32.4707,0.5398,-0.2307,0.9253,-4.0283,13.1836,22.8882,-0.802,0.177,0.3564,4.0894,-24.9023,96.1914,please
-0.6975,0.0627,-0.7317,-2.7466,-2.3804,-0.1221,-0.1072,-0.2249,0.9683,-3.479,0.3052,1.8921,0.8564,0.2786,0.4358,2.9297,-0.6714,-0.1831,1.0039,-0.0193,0.0088,2.1362,1.6479,2.1362,-0.8938,0.3948,0.2217,-2.3804,3.3569,-1.5259,-0.6987,0.0801,-0.6765,19.8975,6.0425,-12.146,-0.1045,-0.2507,0.9194,23.1934,14.5874,2.1973,0.8362,0.2559,0.4402,-17.2119,15.9302,12.146,0.9927,-0.001,-0.0002,-4.5776,-12.207,-24.1089,-0.8901,0.4099,0.282,-3.7231,-15.4419,8.9722,-0.8311,0.6567,-0.4502,-18.9819,-3.9673,-1.4648,0.2258,-0.8638,0.7659,15.8081,-14.2212,26.7944,0.9426,0.6484,-0.1025,18.0664,3.2959,6.2866,0.9617,-0.5002,0.4092,17.2729,0.9766,1.5869,-1.0266,0.4116,-0.4517,-23.8647,-107.4829,53.6499,-0.4946,-0.4124,-0.9436,29.2358,1.2207,21.4844,-0.2815,0.3374,1.0535,-17.9443,11.2915,-47.3633,0.7,0.0066,0.8953,-34.79,-7.9346,-15.3809,0.9856,0.3625,-0.4067,-38.147,-2.0142,-3.9673,-0.8127,0.2805,0.6755,46.2646,6.4697,-9.3384,bathroom
-0.5073,-0.5742,-0.9407,18.0054,-5.3711,67.688,-0.6428,0.2151,1.052,-56.0303,26.3672,-104.0039,0.8076,-0.1096,0.7725,-44.8608,-35.2783,-54.3823,0.9905,0.3765,-0.2573,-64.5752,16.6016,34.9731,-0.8103,0.5127,0.4163,78.5522,90.271,-62.1338,-0.6567,0.3052,-0.6443,-31.25,9.1553,-65.4297,-0.0967,-0.614,0.7288,31.1279,-30.8838,93.4448,0.873,0.3342,0.2407,52.8564,32.8369,44.0674,1.0083,-0.0447,0.0293,70.6787,-17.6392,-30.0293,-0.9531,0.3301,0.2141,-63.9648,-63.1104,6.8359,-0.5945,-0.1519,-0.7544,14.7095,-14.2212,59.5093,-0.4177,-0.1951,0.874,-29.2358,17.0898,-73.3032,0.833,0.0444,0.481,-40.4663,-30.9448,-39.4287,0.9575,0.1602,-0.0281,-58.8379,14.5874,20.3247,-0.8765,0.4194,0.2102,57.251,88.562,0.9155,-0.6016,0.0122,-0.801,-1.1597,19.6533,-68.2373,-0.2107,-0.3721,0.8245,72.5098,-21.2402,97.7173,0.8857,0.1577,0.5378,24.9023,44.9829,53.1006,1.0544,0.0657,-0.0898,51.3916,-23.0713,-46.2036,-0.8625,0.4346,0.3481,-179.0771,48.8892,30.9448,bathroom
-0.7852,-0.0168,-0.635,43.8232,61.4014,22.4609,-0.6992,-0.3088,0.5815,86.3647,-79.7119,-5.4932,1.021,-0.2773,-0.0625,177.3682,212.0972,-290.8936,0.9246,0.0466,0.3945,3.6621,-221.7407,161.1938,-0.8589,0.5227,0.2288,-96.6187,-25.5127,75.5005,-0.4883,-0.4312,-0.9624,23.0713,-49.9878,39.7339,-0.6401,0.2485,0.9783,-17.7612,42.2363,-88.8062,0.8186,-0.0117,0.79,-66.04,-58.1665,-1.4648,1.0413,0.2512,-0.2437,-49.7437,63.3545,-7.3242,-0.6877,0.4705,0.6057,76.1108,128.3569,-3.7231,-0.6863,0.0928,-0.6475,-7.7515,48.7671,-53.772,-0.4346,-0.3594,0.7664,47.2412,-39.3066,69.5801,0.9031,0.1963,0.2549,26.3672,63.3545,20.5688,1.0037,-0.0093,0.0129,40.6494,-48.5229,-35.8887,-0.8215,0.5339,0.4009,-93.2617,-22.0337,-28.8696,-0.6707,-0.0654,-0.833,38.6963,-36.3159,53.1616,-0.4868,-0.2683,0.875,-21.4844,48.2178,-70.1294,1.0005,0.1907,0.3733,-59.3262,-42.8467,-13.6719,1.0854,-0.0051,-0.0466,-67.1387,30.6396,0.3662,-1.0508,0.3599,0.1174,80.9937,104.5532,55.4199,bathroom
-0.5173,0.0073,-0.7612,45.8374,42.4805,87.8906,-0.5007,-0.176,0.7617,68.9697,-133.0566,-84.2285,0.98,0.054,0.3821,126.0986,139.8315,-179.9316,1.1931,-0.0691,0.2661,58.2886,-242.6758,123.7793,-0.9165,0.5833,0.4375,-123.1079,37.9639,13.1836,-0.4934,0.0598,-0.8567,8.9722,-7.2021,-2.8687,-0.1365,-0.1055,1.0181,10.498,-10.8032,-17.2119,0.7749,0.3652,0.5061,5.9814,4.8218,2.6855,0.979,-0.1755,-0.0579,3.1738,-14.3433,-3.7842,-0.8008,0.4116,0.407,-11.1694,17.0898,5.4932,-0.4768,-0.1653,-0.9937,8.1787,-17.4561,34.1797,-0.2698,0.1499,1.0957,-30.1514,15.8081,-47.7295,0.7808,0.2715,0.7275,-22.8271,-33.1421,-16.4185,1.0684,-0.0449,-0.2146,-30.2124,28.3203,14.0991,-0.8042,0.4878,0.4502,39.1846,71.106,-2.5635,-0.593,0.2705,-0.6802,4.8218,32.6538,-64.0259,0.0051,-0.3271,0.8623,78.4912,15.3198,91.6748,0.8,0.3704,0.3596,17.7612,60.9131,37.8418,0.9553,-0.1992,-0.002,47.3633,-39.0015,-45.7764,-0.7793,0.4348,0.2671,-106.0181,-38.8184,5.4932,bathroom
-0.6169,-0.0383,-0.7466,-16.4185,65.979,39.7339,-0.4253,-0.1084,0.6243,87.2192,-160.8276,-156.6772,0.854,0.0049,0.2004,116.0278,148.0103,-198.2422,0.8926,-0.01,0.2441,54.5044,-200.5615,120.0562,-0.7187,0.4868,0.3679,-73.0591,3.3569,39.0015,-0.4419,0.0051,-0.8936,5.127,-9.8267,17.0898,-0.1711,-0.041,0.9753,11.1084,-2.8076,-31.311,0.7678,0.4104,0.4646,-7.3853,0.3662,-13.7939,0.9766,-0.1775,-0.0903,-14.0991,-8.0566,3.2349,-0.762,0.3616,0.5417,0.4272,18.4326,-7.1411,-0.8403,0.4409,-0.4805,-19.3481,-19.165,13.0005,-0.0159,-0.7793,0.7239,-4.8218,-13.0615,9.2773,0.9587,0.365,-0.2664,12.4512,-16.7236,-5.9204,0.8062,-0.5425,0.5227,3.8452,9.3384,18.5547,-1.0676,0.2795,-0.1985,-19.165,-18.8599,32.0435,-0.2776,-0.2336,-0.9429,21.7285,-33.0811,51.1475,-0.2554,0.2532,0.9238,-60.8521,31.189,-80.4443,0.6931,0.3008,0.6445,-40.5884,-45.4102,-10.437,0.9407,-0.0068,-0.1829,-50.1709,36.6211,10.2539,-0.658,0.3467,0.553,78.064,40.4663,-0.5493,bathroom
-0.6228,0.1504,-0.783,69.7021,-77.2095,91.8579,-0.7673,-0.2441,0.417,37.5977,-69.8242,21.3013,0.4238,-0.2573,-0.8015,77.3315,316.1621,-382.9346,0.2275,-0.1055,0.7935,14.1602,-275.9399,123.1079,-0.8303,0.3198,0.2378,-154.0527,14.5874,40.7715,-0.6084,0.2236,-0.7991,0.9766,-67.2607,77.9419,-0.2959,-0.5193,0.8784,-8.2397,-17.6392,-135.7422,1.0112,0.3582,-0.0498,5.6152,-58.96,-29.7852,0.9275,-0.4585,0.3809,-27.1606,24.7803,52.8564,-1.0786,0.4312,0.0498,-95.8252,250.7324,56.7017,-0.2551,-0.4292,-1.1868,11.9019,6.8359,-7.3242,-0.4299,0.3857,1.1836,-10.1929,10.1929,-16.3574,0.8867,0.46,0.8281,-18.2495,5.6763,4.6997,1.2368,0.0308,-0.376,-5.127,4.5776,-16.1133,-0.7932,0.5671,0.8833,-24.7192,62.9272,-55.481,-0.8438,0.7385,-0.3743,-11.4136,11.5356,-13.916,0.0215,-1.1331,0.4668,8.4229,-18.0054,31.9824,0.8528,0.4399,-0.6277,13.3057,20.1416,-8.5449,0.6187,-0.8193,0.5574,15.5029,-27.4048,-4.3945,-1.0918,0.2207,-0.4375,-85.5713,-42.5415,48.584,bathroom
-0.5735,0.0132,-1.0857,-1.8311,-28.8696,6.5918,-0.8562,-0.437,0.3579,8.667,-7.4463,-3.1738,-0.1663,-0.6489,-0.8242,-1.0986,0.4883,6.6528,-0.0251,0.0898,1.0632,-2.9297,3.0518,-5.7373,-0.9338,0.3835,0.3015,9.0942,2.8687,-13.6719,-0.2854,-0.7314,-1.2778,-4.5166,-6.6528,118.5913,-0.781,0.509,1.3018,-54.6265,9.7046,-194.519,1.1763,-0.4138,0.9937,33.4473,58.3496,-146.5454,1.1743,0.6646,0.1853,-34.2407,-105.1636,79.1016,-0.5012,0.6394,0.6692,168.5181,-60.791,-111.2061,-0.2019,-0.5217,-1.3193,16.6626,41.0156,-60.6079,-0.4915,0.5476,1.3018,13.5498,5.9814,44.8608,0.9763,0.178,0.9915,24.6582,57.9834,8.9722,1.2654,0.3398,-0.1416,45.7764,-38.269,-23.6206,-0.6218,1.0417,0.8787,136.8408,-164.4287,-146.9116,-0.9832,0.7964,-0.5239,-48.0347,-37.9028,49.0723,0.2537,-1.2681,0.6665,-60.8521,-44.9219,-30.8228,1.01,0.5068,-0.9041,5.0659,-66.1621,-28.6865,0.5425,-1.1289,0.8391,-17.4561,26.062,60.4858,-1.2961,-0.3386,-0.7698,-46.3867,-67.3828,18.8599,bathroom
-0.5952,-0.0513,-0.7114,9.0332,4.8218,11.4136,-0.2314,-0.1421,0.8926,51.8799,-70.4956,-36.9263,0.8418,0.3638,0.2263,-4.1504,7.8125,-34.3018,0.9202,-0.2717,0.0505,4.7607,-26.3062,15.564,-0.771,0.4158,0.3142,-32.959,11.7187,-9.3994,-0.5923,0.0244,-0.7734,2.2583,1.77,2.2583,-0.0139,-0.0703,0.9573,-2.6855,1.709,-1.2207,0.8101,0.4905,0.2095,-1.4648,1.2817,-3.7842,0.9031,-0.3291,-0.0632,-1.2207,-3.1738,0.9766,-0.7983,0.3457,0.4045,-5.3101,-0.7935,-1.5259,-0.5854,0.0002,-0.7673,2.1362,-4.3945,-0.6714,-0.0591,-0.0728,0.9221,0.0,5.188,0.061,0.7932,0.4495,0.2395,-2.0752,-0.6714,0.6104,0.9033,-0.2859,-0.0688,-3.8452,1.4038,-0.9766,-0.78,0.3657,0.4082,3.54,-1.8311,-1.4038,-0.5542,-0.0444,-0.9155,9.2163,-7.6904,9.9487,-0.0298,0.0491,1.0684,-8.1177,5.5542,-12.6953,0.8276,0.5681,0.3364,-11.7187,-10.0708,2.8076,1.0044,-0.2966,-0.165,-12.3901,11.5356,-0.7324,-0.8264,0.3635,0.4802,11.8408,26.8555,-26.001,bathroom
-0.677,0.1362,-0.7759,125.7324,-0.2441,56.5186,-0.5801,-0.4336,0.8296,71.106,-154.1138,-162.7197,1.0649,0.0889,0.0713,153.8696,90.8203,-150.4517,1.0146,-0.1157,0.3853,51.5137,-201.5381,125.5493,-0.8337,0.4829,0.3289,-17.7002,27.8931,19.2261,-0.6245,0.1404,-0.8037,-20.6909,-25.9399,52.002,-0.0364,-0.127,1.0471,-49.0723,-9.9487,-36.3159,0.7583,0.6179,0.147,-14.9536,-32.5928,-28.4424,0.9116,-0.3894,-0.1809,-36.6211,4.7607,19.3481,-0.8359,0.3198,0.4143,-2.6855,37.2925,-8.9722,-0.533,0.1846,-0.9163,35.4614,54.8096,-62.6221,0.0828,-0.0203,1.1086,70.9839,22.644,63.9648,0.7737,0.6909,0.3105,-4.8828,79.4067,-7.3853,0.9714,-0.3298,-0.2781,21.7896,-51.3306,-56.0303,-0.7898,0.417,0.5317,-28.4424,-1.0986,-76.1719,-0.9214,0.7646,-0.3655,-20.1416,-25.3296,39.1846,0.1663,-0.998,0.7932,-33.8135,-13.855,-28.8086,0.9819,0.4087,-0.6902,12.6343,-49.0112,1.0376,0.6733,-0.9631,0.5537,0.7324,29.8462,44.0674,-1.0713,0.2366,-0.5718,86.6089,-163.6963,-19.6533,bathroom
-0.5383,0.3008,-0.9595,13.5498,130.9204,33.5693,-0.1108,-0.4912,1.1824,160.0952,-150.1465,-100.2197,0.8889,0.6038,0.1401,-2.3804,61.5234,-104.0649,1.0447,-0.4336,-0.1274,-18.0054,-121.8262,-0.1221,-1.0073,0.3127,0.6284,77.5757,-148.9868,-30.3955,-0.6411,0.4402,-0.5166,-9.4604,-102.1729,67.627,-0.0657,-0.6851,0.6079,-86.6089,17.7612,-72.5708,0.79,0.3655,-0.4114,-27.0996,-92.2241,37.4146,0.6772,-0.6101,0.312,-51.3916,83.1909,32.3486,-0.9192,0.2417,-0.3477,103.5156,33.1421,135.498,-0.1682,-0.2795,-1.0454,0.3052,-42.7856,65.7349,-0.2776,0.3481,1.0156,-87.1582,60.2417,-123.9624,0.5581,0.6021,0.6655,-31.0059,-73.3643,0.1831,0.8811,-0.0608,-0.5344,-58.7158,54.3213,34.2407,-0.7085,0.3196,0.7053,81.543,21.7896,42.6636,-0.3491,0.04,-1.2129,35.8887,27.9541,-106.6284,-0.0449,0.1167,1.3394,92.7734,29.1748,130.4932,0.8391,0.7266,0.4629,17.2729,96.0083,44.6777,1.0112,-0.22,-0.397,65.8569,-29.3579,-72.5098,-0.7612,0.3608,0.5693,-56.5186,-35.5835,-76.1108,bathroom
