acc_x_t0.25,acc_y_t0.25,acc_z_t0.25,gyro_x_t0.25,gyro_y_t0.25,gyro_z_t0.25,flex_t0.25,acc_x_t0.5,acc_y_t0.5,acc_z_t0.5,gyro_x_t0.5,gyro_y_t0.5,gyro_z_t0.5,flex_t0.5,acc_x_t0.75,acc_y_t0.75,acc_z_t0.75,gyro_x_t0.75,gyro_y_t0.75,gyro_z_t0.75,flex_t0.75,acc_x_t1.0,acc_y_t1.0,acc_z_t1.0,gyro_x_t1.0,gyro_y_t1.0,gyro_z_t1.0,flex_t1.0,label
-8.482059,-0.2723404,4.679467,-1.280488,2.362805,-0.8460366,8.09584,-8.635287,0.065242,4.698022,-4.314024,4.283537,-6.730183,8.09584,-7.617751,0.985214,5.635352,37.66768,-47.26372,36.88262,8.49633,-5.705383,2.635417,8.685565,18.81098,-27.21037,45.70122,8.029739,left
-8.798093,-0.3758897,3.690063,2.789634,-1.310976,-1.379573,8.429108,-8.837597,0.03531447,4.619014,0.7469512,6.417683,-3.071646,8.699181,-9.137471,9.435549,8.793902,31.68445,-20.88415,71.06708,8.029739,-7.836222,2.637812,4.819528,37.33994,-38.11738,54.79421,8.563751,left
-8.900445,-0.931943,3.481169,0.3887195,-0.9832317,3.16311,7.898125,-8.868123,-0.06224924,4.090494,-1.829268,0,-0.3353659,8.162109,-8.780735,-1.138443,3.945046,4.153964,-2.957317,3.323171,8.563751,-8.804677,-0.9457096,3.915717,-1.631098,5.769817,-2.309451,8.162109,left
-8.27496,-2.571373,4.39336,-1.402439,1.516768,3.567073,8.029739,-8.434772,-2.55581,4.106056,0.9222561,-0.1753049,-3.391768,8.49633,-8.434772,-2.429516,4.043208,-0.472561,-0.1676829,-5.769817,8.563751,-8.239645,-3.304597,3.913323,-2.698171,5.182927,-6.028964,8.162109,left
-8.055291,-1.699883,5.031415,3.856707,1.006098,5.571647,7.898125,-8.286931,-0.7194576,5.06254,-0.4954268,1.486281,-1.692073,8.699181,-7.99005,-0.9726444,5.773617,-2.652439,2.347561,-3.605183,8.295219,-7.951144,-1.70946,5.221754,-0.9832317,1.547256,3.102134,7.898125,left
-7.437588,-0.3393781,6.147113,-0.8841463,-3.498476,-1.509146,8.362083,-7.293337,-0.9211691,6.39611,0.5792683,0.1753049,-1.806402,8.09584,-7.012617,-3.770269,3.67929,70.58689,-57.27134,74.35976,8.162109,-6.053141,2.021903,6.622961,25.90701,-43.65092,12.91159,7.767242,left
-7.193379,-1.805228,6.030994,4.72561,-2.507622,1.653963,8.429108,-6.98628,-1.674744,6.417658,-2.126524,2.26372,0.1829268,8.162109,-7.111976,-4.122815,5.177461,4.862805,-1.082317,11.23476,8.631378,-5.480926,1.307833,7.280767,16.89787,-67.73628,56.7683,8.362083,left
-8.158242,-2.670133,4.648343,0.9146341,-0.7393293,-2.065549,8.09584,-8.155849,-2.356493,4.342484,-1.974085,-3.117378,-1.021341,8.162109,-8.294113,-2.057218,4.053383,-6.265244,6.5625,-8.323171,8.295219,-8.386889,-4.853645,2.841319,-5.579268,9.306402,19.96951,8.429108,left
-8.322844,-2.589928,4.138378,-1.592988,-3.727134,-2.332317,8.631378,-8.109759,-2.788048,4.161721,-1.577744,-3.902439,-4.176829,8.429108,-8.042722,-5.081095,2.344522,10.23628,-4.946647,17.16463,8.295219,-7.784148,3.895366,6.952163,47.61433,-77.19512,42.92683,8.295219,left
-8.038532,-2.435502,5.233126,0,0.160061,1.394817,8.162109,-8.413823,-1.889624,4.440047,-1.150915,-0.6097561,0.160061,8.295219,-8.00621,-2.294244,5.158308,3.971037,-3.597561,-1.463415,8.09584,-8.095394,-0.4602853,2.594118,64.19208,-69.39787,88.54421,8.429108,left
-7.037158,-3.496133,6.247071,0.6402439,2.591464,4.664634,8.631378,-7.084443,-3.1795,5.729923,-1.402439,-3.010671,-3.292683,8.162109,-6.743868,-3.364452,5.249287,51.47866,-39.51982,70.59451,8.029739,-7.588422,0.0712275,0.7589619,34.78659,-138.7119,-15.49543,8.563751,left
-7.465121,-2.747945,5.043386,-0.9146341,3.010671,1.684451,7.898125,-7.552509,-2.79942,4.828506,-0.6935976,-3.582317,-10.53354,7.963837,-7.445369,-3.508703,5.039794,2.088415,7.317073,5.3125,8.162109,-7.586028,-3.381211,4.526837,-1.410061,-4.375,-6.989329,8.295219,left
-7.183802,-3.22918,6.187216,-0.160061,-3.414634,-1.044207,8.699181,-7.36217,-2.855684,5.298967,0.5640244,-5.541159,-2.14939,7.963837,-7.641693,-3.188478,5.037999,0.7545732,-0.9603659,0.3810976,8.362083,-7.285556,-3.325546,5.646126,-2.103659,-4.161585,-2.469512,8.362083,left
-6.75105,-2.905364,6.697779,-1.333841,-2.553354,-4.41311,8.49633,-7.188591,-2.497152,6.066907,-1.21189,-1.341463,-0.1295732,8.49633,-7.171831,-0.8571242,5.93762,28.46799,-40.46494,17.1189,7.832588,-2.873042,0.2142811,10.50217,12.95732,-73.74238,-9.443598,8.49633,left
-7.038953,-4.134188,5.507262,-0.3429878,-3.307927,-1.173781,8.029739,-7.231088,-3.916914,5.125986,-3.025915,-3.574695,-1.379573,8.029739,-7.158663,-3.822343,5.642535,-2.309451,12.36281,3.978659,8.631378,-6.931214,-4.088099,6.102221,5.541159,-0.2743902,2.980183,8.029739,left
-7.076662,-3.498527,5.550358,0.2057927,4.977134,-2.378049,8.029739,-6.629545,-3.853468,5.978322,0.4344512,-4.176829,-2.675305,7.963837,-6.791153,-3.234566,6.164471,-1.234756,2.004573,-4.778964,8.029739,-6.71394,-2.523489,6.362591,62.66768,-46.32622,55.4878,8.09584,left
-6.781576,-3.573945,5.816713,6.753049,2.210366,-2.217988,7.6371,-6.627151,-3.596689,6.054338,-1.699695,1.112805,-2.667683,7.963837,-6.648698,-3.477578,6.010045,-1.707317,5.335366,-0.5259147,7.832588,-6.59842,-4.409521,6.337452,14.29878,-4.626524,16.41006,7.898125,left
-6.861184,-3.527258,6.006454,0.2667683,-3.498476,1.089939,7.767242,-6.991668,-3.324349,5.646725,-2.012195,-1.821646,-1.577744,8.228561,-6.910264,-3.620033,5.804742,-0.2515244,-0.6935976,-1.006098,8.295219,-6.725313,-3.517082,6.133945,0.6097561,-2.621951,-4.352134,8.631378,left
7.272388,0.6919243,6.236896,-3.955793,8.818598,3.239329,7.898125,2.289455,-1.84174,13.07354,-84.60366,249.7485,120.5869,8.362083,-6.845621,-2.532467,7.504027,10.09909,25.44207,-21.46342,7.963837,-7.143101,-4.238336,5.197213,-2.195122,0.5564024,-7.454268,8.631378,left
-6.940791,-4.408324,5.711967,-0.9146341,-4.939024,2.22561,8.631378,-6.83784,-4.351461,5.590461,2.759146,5.647866,-2.256098,8.162109,-6.971915,-3.5099,5.480926,22.0122,-7.26372,18.27744,8.49633,-5.953781,-2.092532,7.656657,38.35366,-44.65701,2.035061,8.029739,left
-6.827066,-4.496311,4.960786,-0.06097561,-6.402439,-4.352134,8.228561,-6.791752,-4.644153,5.109825,0.9984756,-0.2134146,-0.2515244,8.49633,-6.791153,-4.654328,5.346252,-1.699695,3.147866,-0.6021342,8.295219,-6.576273,-4.745308,5.38875,-4.314024,5.190549,-6.089939,7.6371,left
-6.782773,-3.772065,5.959168,-0.06859756,-1.32622,-3.818598,8.162109,-6.68102,-3.604471,6.206968,-1.310976,0.632622,1.310976,8.09584,-6.449381,-2.643199,7.05272,21.12043,-14.23018,19.55793,8.563751,-5.573701,-1.388637,7.760206,33.44512,-32.77439,-23.48323,8.49633,left
-7.024588,-4.295796,5.084087,-2.179878,2.324695,-0.1905488,8.162109,-6.832453,-4.203021,5.305551,-0.5182927,-3.277439,-3.025915,8.429108,-6.087856,-3.326145,7.689577,-0.4192073,5.89939,-3.04878,8.09584,-5.127781,-2.193089,8.275558,18.17073,-31.28811,-4.512195,8.162109,left
-7.771579,-4.395156,3.988142,1.349085,2.233232,1.501524,8.228561,-7.631518,-4.466982,3.910929,0.5868903,-0.04573171,-0.5868903,7.898125,-7.514202,-4.101267,3.800197,40.92226,-63.21646,69.67226,8.49633,-6.881534,-0.8128315,6.885126,28.85671,-13.10213,-10.60976,8.49633,left
-7.46153,-4.094085,4.741716,1.707317,-1.097561,1.714939,8.429108,-7.37474,-3.956418,4.823119,-0.04573171,-3.673781,0.3887195,9.110153,-7.15986,-4.291606,5.06673,-0.5106707,3.056402,-0.8460366,8.903778,-7.055114,-0.7535749,5.986103,74.87043,-82.22561,59.64177,9.041161,left
-4.571728,-8.494628,-3.912126,-60.77744,61.09756,-91.0747,9.041161,-2.446275,-8.92319,-2.312799,-15.49543,11.45579,-47.72104,9.110153,-0.7320271,-9.679757,-2.505532,2.233232,3.75,-22.66006,9.179337,-0.1053449,-10.00657,-1.905186,6.006098,-4.176829,-6.760671,8.631378,right
-0.02274492,-9.900622,-0.260968,-2.705793,0.8003049,1.501524,8.903778,0.2166753,-10.01375,0.2962825,-0.6859756,0.8689024,3.978659,8.699181,-2.533065,-10.04368,2.564789,121.2424,31.95122,163.4909,8.631378,-7.334637,-3.190274,5.172673,7.439024,-23.46037,64.33689,9.179337,right
-7.355586,-3.500323,5.230732,-0.1981707,-1.890244,-3.628049,8.563751,-7.287352,-3.920505,5.167884,-1.814024,-2.256098,-5.617378,8.903778,-6.91206,-4.06296,5.60722,-2.515244,0.4878049,-9.466464,8.972366,-7.11018,-1.565209,5.620987,-73.30031,101.029,-143.9177,8.563751,right
-7.760206,-1.359308,5.625177,0.472561,-6.448171,-2.233232,8.295219,-7.578846,-2.832939,5.701791,-1.966463,2.240854,-1.204268,9.110153,-7.177218,-4.841674,2.84491,-93.17835,84.10823,-140.5031,8.699181,-3.791817,-9.427768,0.6961141,-29.74848,21.90549,-73.82622,8.631378,right
-7.271789,-3.154361,5.843648,-0.5182927,1.371951,-1.219512,9.110153,-7.382521,-3.037045,5.151125,-1.402439,-1.440549,-1.814024,8.699181,-5.864597,-8.584411,1.623269,-112.0656,52.97256,-165.9299,8.631378,-3.266888,-8.750807,-0.255581,-29.67988,-12.73628,-101.8064,9.041161,right
-6.75105,-2.707244,6.270414,-0.3429878,-1.958842,-1.143293,8.631378,-7.169437,-2.261922,6.059126,1.798781,-0.6707317,1.615854,8.09584,-6.918644,-2.148796,6.554726,-1.509146,-0.3506098,-2.042683,8.49633,-6.979696,-2.028487,6.490082,-0.6935976,-0.5640244,-0.7698171,8.699181,right
-7.203554,-2.896385,5.834071,-5.693598,0.7926829,-4.176829,8.49633,-7.483676,-3.100491,5.327697,2.759146,4.916159,4.893293,8.295219,-7.250241,-2.177526,6.141128,-1.089939,2.179878,-8.643292,8.631378,-7.141305,-2.442684,7.23827,-20.60213,5.472561,-19.16159,8.699181,right
0.7655459,-8.8777,-3.147777,-7.660061,2.393293,-5.685976,8.903778,0.9690532,-9.516354,-3.281852,0.4420732,-0.6021342,-2.896342,8.49633,0.9780313,-9.485827,-2.617461,-1.478659,-3.315549,5.426829,8.563751,3.010709,-18.24202,-5.8634,126.5396,-53.20884,181.2576,9.179337,right
-7.277775,-3.484761,5.461772,0.9756098,-0.6478659,1.478659,9.110153,-7.108385,-3.460819,5.920861,2.660061,4.695122,5.297256,9.179337,-7.417237,-4.599261,2.753332,-16.52439,18.62043,-28.56707,8.631378,-4.317943,-7.237073,-3.357868,-161.7378,155.9375,-235.1829,8.835373,right
-7.893683,-2.551022,5.130774,0.4954268,-2.256098,-0.3734756,8.362083,-8.164826,-2.772485,4.537012,0.8765244,0.1143293,1.417683,8.699181,-5.954978,-6.316503,3.861249,-93.90244,52.49238,-139.8933,7.963837,-3.127426,-8.537125,-2.429516,-66.52439,78.55946,-95.15244,8.563751,right
-7.641693,-4.221576,4.523844,-0.2667683,1.516768,-0.03810976,8.972366,-7.19278,-4.541202,4.877587,-1.493902,-1.349085,-5.282012,8.362083,-6.262633,-8.282143,1.050456,-96.41006,100.9223,-95.65549,8.295219,-5.784391,-7.589021,-0.4716577,-43.9253,36.6997,-45.4878,8.029739,right
-7.881712,-3.151368,4.692037,-0.9832317,0.9984756,-0.6631098,8.972366,-7.858967,-2.759317,5.0374,-0.472561,0.2743902,-1.554878,9.041161,-7.830835,1.130063,5.462371,-84.11585,83.125,-95.22866,9.248741,-5.589264,-8.112154,-0.7517793,-57.8125,62.47713,-56.08994,9.179337,right
-8.022371,-2.791041,4.74052,4.054878,-4.176829,3.125,9.041161,-7.858368,-3.19207,4.527435,-6.105183,1.775915,-10.35823,9.110153,-7.829638,-4.857237,3.369839,-9.885671,10.28201,-19.71799,8.699181,-7.836821,-3.569156,4.409521,1.958842,-1.516768,-0.7621951,9.041161,right
-8.471284,-2.864064,2.996343,-7.896342,-12.4314,-15.1372,8.429108,-7.918223,-5.477335,3.605668,12.02744,7.332317,-1.615854,9.110153,-7.955932,-4.14137,5.317522,-1.410061,42.78963,-11.60061,8.563751,-3.907936,-12.33792,-1.564611,-64.32927,78.09451,-134.4741,8.162109,right
-7.945158,-2.900575,4.040814,10.20579,0.04573171,6.166159,9.110153,-8.144476,-3.050812,3.693056,9.946647,-10.03811,-1.5625,8.631378,-7.842806,-3.552995,5.593454,-36.21951,73.18597,-28.13262,8.903778,-6.684012,-6.849811,-1.489792,-28.07927,44.46646,-53.65854,8.835373,right
-7.315483,-3.905541,5.121197,-0.3734756,-5.731708,-0.4268293,9.041161,-7.058705,-4.252102,5.327099,-2.301829,-2.644817,-5.66311,8.903778,-7.673417,-3.923498,4.129998,0.6021342,7.096037,2.652439,9.110153,-7.400477,-3.143587,5.440824,-6.17378,10.75457,-11.12043,8.699181,right
-7.351396,-4.125209,4.791396,0.5792683,-7.050305,3.071646,8.49633,-7.108385,-4.945224,4.52145,-0.5182927,0.0152439,-2.278964,8.563751,-7.332242,-7.084443,2.11408,15.88415,-18.25457,34.66463,8.835373,-6.367379,-6.21415,-1.285686,-65.33537,79.13872,-102.096,8.972366,right
-6.335656,-5.391144,5.190629,2.14939,-2.439024,0.3887195,9.179337,-6.511032,-5.464167,4.841076,3.483232,-1.006098,0.7088415,8.835373,-5.608418,-3.1382,3.69964,-56.48628,126.3186,-132.2485,8.699181,-2.968212,-9.043498,-1.15221,-43.6128,29.32927,-63.53659,9.041161,right
-7.594408,-4.540005,3.593697,0.07621951,-0.8384147,-2.141768,8.563751,-7.501034,-4.425083,4.030639,-3.643293,1.303354,-8.216464,9.041161,-3.145981,-11.62325,-1.872266,-54.2683,61.25,-86.70732,9.110153,-0.908001,-10.10233,-3.035249,-17.65244,10.41159,-74.54269,8.972366,right
-5.063138,-6.449381,4.91769,-1.394817,-6.280488,-6.333842,8.972366,-5.419276,-5.982512,4.935647,1.722561,-4.016768,-2.980183,8.362083,-3.187281,-8.832211,-0.5285201,-59.17683,65.8308,-22.09604,8.903778,2.094927,-10.36749,-4.274249,-67.36281,14.92378,-121.6921,8.903778,right
-6.809708,-5.145139,4.775235,2.408537,-0.6707317,-1.349085,9.110153,-6.784569,-5.259462,4.786608,4.199695,-0.9756098,2.782012,9.041161,-5.69401,-0.4944026,4.602254,-165.1829,157.9878,-178.1784,8.631378,0.6607997,-10.54406,-1.991377,-51.75305,34.32927,-120.282,9.110153,right
-3.221997,-6.281787,-1.971027,-84.12347,65.76982,-149.9619,9.110153,1.184531,-8.74123,-2.165555,-21.41006,16.89024,-72.4314,8.162109,3.779846,-9.964667,-3.06398,2.827744,1.684451,-7.972561,8.972366,3.174711,-8.731653,-1.851316,-2.202744,1.753049,-1.783537,9.041161,right
-7.354389,-4.759673,3.964798,5.106708,-6.166159,5.083842,8.49633,-7.436989,-4.334702,4.289212,0.6631098,-8.635671,-1.615854,9.110153,-5.182848,-6.644508,-0.01137246,-101.7759,134.7942,-195.1448,8.835373,-0.6260838,-9.832987,-2.832341,-25.06098,21.54726,-81.33385,8.631378,right
-6.903082,-5.714361,4.050989,-0.2515244,3.902439,0.6021342,8.699181,-6.895301,-5.259462,3.955221,1.547256,-2.903964,-1.608232,9.110153,-4.387374,-11.41496,-0.8954314,-109.3979,89.25305,-90.63262,8.362083,-1.710059,-9.242816,-3.569755,-35.33537,29.67226,-126.3872,8.295219,right
-7.061698,-5.286397,4.172495,1.653963,-3.635671,0.4115854,8.49633,-7.052121,-4.232949,4.999691,-18.15549,14.01677,-21.95884,8.631378,-5.103241,-6.769605,2.470218,-57.40092,114.5046,-126.5473,8.362083,-2.855684,-9.778519,-0.8110358,-25.7622,10.14482,-37.5,9.110153,right
2.895787,-5.695806,7.029975,1.570122,-3.20122,-0.3734756,8.49633,2.974796,-5.579687,7.254431,-1.501524,-1.493902,-0.8231708,8.835373,3.056797,-5.270835,7.44058,0.9908537,-0.7545732,2.881098,9.041161,2.780865,-6.593631,8.252813,3.932927,68.87196,56.25762,8.835373,up
8.714295,-2.217629,3.295619,0.007621951,1.714939,0.1905488,8.972366,8.936956,-2.194286,3.529652,7.301829,0.8003049,-3.323171,8.563751,6.750452,-1.932719,3.620033,-2.728659,106.1662,45.36586,8.631378,5.274426,-3.772065,7.278373,-19.92378,103.7424,49.2683,8.903778,up
8.304887,-2.186505,4.757877,7.019817,-2.248476,-0.4115854,8.699181,8.511387,-1.877054,5.104438,-1.478659,2.690549,0.7088415,8.49633,8.173804,-2.810194,6.86657,-23.52134,98.39177,37.38567,8.563751,4.201824,-4.628591,9.485229,-17.37805,134.8247,73.38415,8.49633,up
8.298902,-2.534262,4.871602,-0.2820122,2.621951,1.257622,8.295219,8.209718,-2.507926,4.750096,-1.890244,-1.592988,-0.1295732,8.49633,6.609792,-3.013103,4.201824,-25.05335,249.7485,135.6402,8.295219,0.2567781,-5.525817,8.941146,-11.78354,77.40854,50.6936,8.429108,up
7.708132,-3.535637,5.807136,-7.553354,0.1676829,1.349085,7.6371,7.459136,-3.466804,5.609016,-2.797256,1.280488,-0.3277439,8.162109,7.235278,-3.256713,5.774815,4.679878,9.710366,2.690549,8.49633,7.449559,-3.426701,6.10701,-2.080793,-0.1448171,-0.04573171,8.09584,up
7.646482,-2.815581,5.488109,10.30488,4.641768,-1.280488,8.429108,7.744045,-2.797026,5.46716,-4.405488,-1.669207,0.7164635,7.963837,7.909844,-3.883994,9.190144,-12.98018,122.6448,46.20427,8.295219,3.600879,-6.902483,10.77331,-28.09451,166.5015,103.125,8.295219,up
7.035362,-2.521094,5.926248,0.1905488,-1.318598,-0.4192073,7.832588,7.219117,-2.682104,5.968146,3.353659,-2.42378,-1.364329,8.563751,0.581791,-3.865439,7.682993,-43.84146,155.0915,94.19208,8.029739,-5.134964,-4.809951,5.299565,-23.32317,77.1189,38.93293,8.09584,up
7.476493,-2.448071,5.45878,-0.8841463,-0.3277439,0.8079268,8.09584,7.65546,-2.449867,5.554548,-1.966463,-2.903964,0.6554878,7.963837,6.254253,-1.310825,3.007117,-4.72561,249.7485,137.6906,8.362083,-4.576517,-4.378995,5.354033,-32.46189,100.0152,46.44817,8.029739,up
7.388506,-1.774702,5.37618,3.612805,0.9375,-0.320122,7.832588,8.073248,-2.030882,5.717354,-0.632622,-0.8155488,-0.3963415,8.09584,1.78368,-4.367024,6.406884,-67.56097,169.657,80.36585,8.49633,-3.87741,-6.329072,7.419033,-28.21646,97.05793,52.27134,8.631378,up
7.390302,-2.636615,5.989694,2.759146,-0.02286585,-1.592988,7.832588,7.222708,-2.525284,5.8221,-1.227134,-2.202744,-2.210366,8.563751,7.37893,-2.403779,6.002264,3.269817,1.394817,0.3658537,8.295219,7.378331,-2.363676,6.011242,-1.234756,0.8460366,-0.8384147,8.362083,up
7.417237,-2.787449,5.823297,-1.989329,-1.044207,-0.9679878,8.228561,7.544728,-2.719813,5.774216,1.981707,0.7926829,0.07621951,8.362083,9.423578,-4.128202,12.69466,-1.410061,176.5092,76.82927,7.898125,-0.7685388,-5.557541,7.91164,-31.57775,88.31555,50.19817,8.295219,up
7.454946,-2.623446,6.205172,-0.9908537,-1.21189,0.2134146,8.49633,7.57705,-2.401384,6.348226,2.14939,0.9984756,-0.06097561,7.963837,7.217919,-2.455254,6.09025,1.318598,-1.943598,-1.5625,8.228561,7.360973,-4.31914,9.249998,-23.90244,242.7363,95.57165,8.429108,up
7.068881,-2.726397,6.469133,-1.181402,-0.7240854,-0.4573171,7.832588,6.968923,-2.905962,6.324284,1.234756,0.3582317,-0.0304878,7.898125,6.663064,-3.019687,6.130353,0.3887195,-0.8003049,0.160061,8.563751,6.88333,-2.922123,6.31351,0.0152439,0.2515244,0.09146341,7.963837,up
7.664438,-2.100313,6.190807,-2.439024,2.881098,6.089939,8.029739,6.88333,-2.624644,5.726931,-4.72561,-1.105183,1.143293,8.295219,7.583035,-2.985569,5.856816,10.22104,2.217988,-4.92378,8.162109,9.318831,-1.65978,5.18644,-147.7058,249.7485,246.0823,8.631378,up
6.851008,-3.429095,5.657499,1.547256,-1.059451,0.1905488,7.963837,6.940192,-3.563769,5.749675,3.08689,-0.6859756,-1.21189,8.162109,6.973711,-3.463213,5.80953,-1.196646,-1.516768,-0.5945122,8.49633,3.994127,-6.845621,11.04385,-54.11586,249.7485,172.8963,7.963837,up
6.918644,-2.543241,6.139332,-0.9527439,1.958842,0.945122,8.029739,7.396287,-2.574365,6.435016,2.141768,-1.592988,-0.3810976,7.832588,6.964733,-3.585916,9.450513,-42.5686,201.9588,82.33994,8.162109,-2.300828,-4.720767,8.342596,-24.96951,136.9512,81.66921,7.898125,up
7.134122,-2.2709,6.477513,-2.14939,-0.4115854,1.128049,8.429108,7.023989,-2.316989,6.445789,-1.471037,-1.806402,0.2972561,7.963837,4.045602,-2.65098,5.700594,-37.20274,203.5061,88.75762,7.898125,-3.042432,-4.441244,8.355165,-29.90854,107.8659,59.27592,8.563751,up
7.763798,-2.152387,5.877765,0.4496952,0.2362805,-0.8155488,8.362083,7.759009,-2.146402,5.911284,1.608232,1.806402,-0.7926829,8.699181,8.603564,-2.908356,7.562685,-8.071647,19.28354,6.112805,8.699181,-5.11162,-3.2208,7.127539,-71.76067,184.6189,92.68293,8.162109,up
6.680421,-2.562993,7.035362,0.8231708,1.501524,-1.059451,7.767242,6.493673,-2.466028,6.823475,-2.751524,-2.667683,-1.554878,7.963837,-2.711433,-2.632425,2.973598,-69.01677,236.7607,129.7485,7.832588,-7.258621,-4.447828,5.284003,-29.10061,76.08232,39.97713,8.09584,up
7.16824,-1.968632,7.134721,-1.882622,6.791159,1.105183,8.228561,6.836044,-1.748366,6.877943,-2.667683,-1.699695,-1.699695,8.49633,-5.081095,-3.384204,3.670311,-48.18598,177.1418,121.6311,7.832588,-9.113529,-2.310405,0.991798,-11.25,28.25457,2.164634,8.09584,up
6.717531,-2.410362,6.795343,-1.21189,2.370427,1.440549,8.49633,6.427833,-2.409165,6.709152,-1.074695,-1.074695,-0.7774391,7.963837,6.70556,-2.36607,6.893505,-0.9679878,2.080793,-0.6478659,8.029739,7.994838,-4.689642,13.57812,-31.63872,222.6906,84.41311,7.898125,up
6.282984,-3.299809,7.074866,-1.349085,-1.082317,0.9832317,8.09584,6.464943,-3.405752,7.179612,1.852134,0.09146341,-0.05335366,7.898125,9.072228,-5.114015,7.771579,-80.52592,249.7485,249.7485,8.362083,-8.799889,-3.29083,0.3699042,-25.40396,39.64939,-1.798781,8.162109,up
6.900089,-2.503138,7.15567,-1.791159,0.3963415,-0.472561,8.563751,6.248268,-2.391808,6.749853,-0.1981707,-2.522866,-0.6783537,8.563751,1.73819,-2.412158,4.489727,-32.01982,209.7409,89.96189,8.563751,-5.150527,-3.811569,7.77936,-45.29726,109.6037,27.80488,8.029739,up
6.224326,-2.862867,7.177218,0.06097561,0.2515244,0.4039634,7.963837,6.257845,-2.748544,7.236475,-0.8460366,-0.2820122,-0.3582317,8.362083,7.973889,-4.268862,7.588422,-42.89634,249.7485,201.2652,7.6371,-7.120356,-6.050148,3.374029,-56.39482,121.6235,27.80488,8.49633,up
6.560711,-3.005322,6.724714,0.2972561,-5.960366,-1.387195,8.49633,5.693412,-2.989161,6.364985,-11.29573,-2.919207,1.91311,8.429108,7.533356,-4.853047,12.91373,-26.43293,180.7851,74.90854,8.362083,-7.315483,-2.562394,3.329138,-46.78354,116.5244,36.88262,8.49633,up
-7.846397,-3.375824,3.690662,5.213415,0.02286585,-4.092988,8.029739,-7.706935,-3.866636,3.192668,11.79116,-2.789634,4.679878,8.09584,4.407127,2.810793,10.59793,191.3643,-249.7561,-249.7561,8.563751,6.749853,0.02274492,4.634576,6.821647,-102.6524,-18.58232,7.963837,down
-5.977723,-4.460398,6.558916,2.446646,1.760671,2.629573,8.295219,-5.962759,-4.300585,6.263232,0.6097561,0,-1.32622,8.295219,-5.782596,-5.585672,5.740697,12.92683,-13.82622,13.75762,8.563751,-2.803012,-1.694496,8.553286,24.54268,-162.9954,-74.01677,8.429108,down
-6.667852,-3.853468,5.704784,-2.73628,1.074695,-0.5487805,8.563751,-6.599019,-3.898957,6.200983,-0.1067073,-7.5,-5.891768,8.362083,-1.586159,-5.773617,14.15572,37.30183,-138.6281,-40.32012,8.09584,3.60866,-3.667318,14.42566,26.79878,-183.0107,-66.82165,8.029739,down
-7.082647,-4.106056,5.799355,2.477134,1.364329,6.150915,8.563751,-7.130531,-3.642778,4.161721,12.12652,-41.72256,-17.77439,7.963837,-2.186505,-3.0969,8.147469,28.17835,-128.4909,-58.6128,7.898125,3.444658,-1.356914,10.06343,24.90854,-152.8201,-59.80945,8.162109,down
-4.747103,-4.201225,8.005013,-0.945122,-6.402439,-1.768293,8.362083,-4.473566,-4.289212,7.842806,1.074695,-10.91463,-5.396342,8.362083,-2.657564,-4.003105,9.46009,72.05793,-153.0564,-21.4939,8.49633,6.622362,-1.55264,11.40179,35.19055,-190.3277,-60.85366,8.429108,down
-5.082292,-4.476559,7.001245,-3.368902,1.059451,-0.7774391,8.563751,-5.960365,-3.813963,4.773439,5.144817,-10.625,-9.984756,8.162109,-0.1496376,-1.966238,6.942586,40.51067,-122.4009,-43.97866,8.429108,9.906608,-1.080982,8.726865,-0.152439,-179.2683,-29.83232,8.029739,down
-4.792593,-4.168904,7.363368,1.143293,-2.362805,-4.557927,8.029739,-4.892551,-4.36882,6.745663,0.160061,-3.147866,-0.7088415,8.49633,-5.155913,-8.197148,3.430891,4.931403,-16.1128,28.28506,8.903778,5.890934,-2.227206,11.21324,53.20122,-249.7561,-93.9558,8.563751,down
-4.353257,-4.975151,7.57286,0.7698171,0.06097561,-1.006098,7.963837,-4.625597,-4.407725,7.085042,-0.9908537,-0.9832317,1.684451,7.50769,-4.479551,-5.476737,7.121553,8.277439,34.39024,-29.49695,8.429108,0.5668272,-1.960253,8.508394,49.08537,-105.6174,-19.51982,8.295219,down
-5.6569,-4.345476,6.865374,-0.2057927,1.135671,-2.934451,8.162109,-5.966949,-4.817732,5.674258,10.03811,-20.8003,-3.155488,8.029739,1.644816,-3.218406,9.537901,38.48323,-148.8415,-66.9436,8.49633,7.790134,-1.081581,7.3083,28.78049,-184.2531,-44.09299,8.295219,down
-4.801571,-5.057751,7.706935,0.04573171,0.4801829,-0.7164635,8.162109,-4.585495,-5.300763,7.210138,7.050305,-2.446646,-14.81707,8.029739,2.247557,-3.090316,8.924387,49.39024,-177.0122,-72.68293,8.029739,7.50702,-0.913388,7.44477,21.66159,-119.1616,-23.22409,7.898125,down
-4.004901,-4.547786,7.777564,3.140244,-2.355183,0.7774391,8.295219,-3.751714,-4.752491,8.289924,0.4878049,-1.570122,-0.152439,8.362083,-1.983596,-4.056376,6.636128,54.14634,-109.6646,-38.30793,8.162109,6.675035,-1.270124,8.309077,27.95732,-118.9482,-23.8186,7.963837,down
-5.762844,-4.714183,6.21415,-0.5335366,-1.089939,0.2667683,8.295219,-5.62817,-4.419696,6.7307,-1.920732,-1.181402,-2.629573,8.029739,-3.648763,-4.651335,8.814254,35.22866,-93.62805,-53.79573,8.295219,2.952649,-2.423531,7.337031,43.62043,-212.6296,-71.75305,7.898125,down
-6.087856,-3.825934,6.572083,2.751524,-4.260671,2.118902,8.029739,-5.902306,-4.534019,6.854001,-0.8307927,1.112805,3.467988,8.295219,-6.371569,-5.620987,4.68246,35.86128,-66.55488,32.46951,8.09584,-0.08858546,-2.583344,11.15159,38.51372,-121.7378,-41.92073,7.963837,down
-6.084864,-4.504092,6.100426,0.8765244,1.798781,-2.309451,8.029739,-6.148909,-4.329914,5.877765,0.7240854,-4.275915,-4.702744,8.49633,-2.593519,-0.1969231,7.045537,28.07927,-86.37196,-30,8.09584,3.862446,-1.113902,8.635287,27.09604,-68.2622,-24.86281,8.563751,down
-5.928043,-4.200627,6.385336,-0.9984756,-3.376524,-4.61128,8.09584,-5.837662,-4.082114,6.275801,-0.3277439,1.768293,-0.8079268,8.563751,-4.48015,-1.030105,5.768829,49.80945,-126.1509,-45.78506,7.963837,0.248997,-2.427721,8.267179,21.65396,-80.81555,-30.89177,7.963837,down
-4.029441,-4.666299,7.982867,-1.112805,-6.79878,-2.57622,8.295219,-4.225766,-5.291186,5.46716,11.65396,-4.375,-1.875,7.767242,-5.377377,-3.359663,5.218163,19.74085,39.5808,-56.33384,8.563751,-3.22918,0.09756372,2.15119,46.47104,-154.375,-43.21646,8.699181,down
-5.577293,-5.345055,6.695983,-1.440549,1.5625,-10.02287,8.429108,-4.83928,-4.85185,6.652888,11.73781,-88.4375,-84.94665,8.49633,6.306926,-3.881599,11.28806,45.43445,-249.7561,-114.154,7.702087,9.883265,-1.012149,7.568071,10.92226,-89.05488,-33.29268,8.563751,down
-5.856217,-4.58729,6.708553,0.3887195,0.1753049,-3.04878,8.029739,-5.654506,-4.620211,6.949171,-0.8384147,-0.04573171,-1.920732,8.49633,-2.892196,-2.606089,7.921815,48.10213,-57.65244,-5.762195,8.09584,3.852869,-1.055843,6.34643,24.42835,-194.2607,-76.37196,8.295219,down
-5.637148,-4.498106,6.889914,2.286585,2.85061,0.6478659,8.09584,-5.474342,-4.344878,6.719327,1.943598,-14.49695,-9.070122,8.563751,-5.039794,-4.952406,7.950545,-3.338415,0.1371951,-6.623476,7.898125,10.25077,-3.002928,9.320627,62.78201,-249.7561,-156.4253,7.767242,down
-5.783793,-4.734534,5.980716,0.8307927,-2.278964,0.03810976,8.362083,-5.671265,-4.416704,6.545149,1.532012,-1.821646,-0.5411586,8.429108,7.266402,-3.398569,12.00393,33.16311,-249.7561,-134.9924,8.49633,9.033323,-0.9337386,8.219893,12.50762,-107.6067,-30.50305,8.029739,down
-6.617573,-3.481768,5.907094,-3.102134,-2.614329,-7.378049,8.029739,-6.748656,-4.609437,5.348647,29.15396,-37.86586,28.18598,8.09584,-1.29227,-1.671751,9.36911,-27.65244,-122.0274,-58.72713,8.49633,5.379173,-1.329381,7.193977,39.6875,-98.84147,-34.20732,7.832588,down
-5.996278,-4.47177,6.038775,0.5640244,-8.467988,-4.778964,8.162109,-5.761048,-4.644153,6.023811,1.295732,-2.484756,-2.042683,8.563751,-2.118869,-2.630031,11.52389,95.60213,-178.2851,-42.97256,8.563751,3.760692,-2.824559,8.810063,14.08537,-76.73781,-31.79878,8.429108,down
-5.627571,-3.004125,7.4322,3.803354,-7.454268,-3.376524,8.362083,-5.439626,-2.885013,7.813477,29.80183,-31.4939,15.19055,8.631378,1.942895,-2.20087,6.99885,-6.943598,-151.0976,-103.3765,8.09584,6.748057,-1.216254,8.834604,64.87805,-229.8628,-104.1159,8.362083,down
-4.965574,-3.693056,7.347207,-4.626524,0.5487805,-5.503049,8.631378,-4.847061,-4.112041,6.798336,-0.7545732,-12.89634,-35.35061,8.029739,5.983708,-2.918532,9.412206,36.84451,-203.9482,-69.03963,8.162109,9.03871,1.079785,1.927931,45.7622,-100.6402,-36.44055,8.631378,down
-5.130176,-4.83928,6.324883,-2.11128,2.027439,-5.97561,8.563751,-5.358822,-5.869984,5.335478,7.469512,-6.592988,3.239329,8.631378,2.174534,-4.256891,14.81652,12.85823,-184.3369,-95.37347,8.09584,4.127005,-0.885256,6.384737,3.82622,-98.21647,-38.35366,7.963837,down