acc_x_t1,acc_y_t1,acc_z_t1,gyro_x_t1,gyro_y_t1,gyro_z_t1,flex_t1,acc_x_t2,acc_y_t2,acc_z_t2,gyro_x_t2,gyro_y_t2,gyro_z_t2,flex_t2,acc_x_t3,acc_y_t3,acc_z_t3,gyro_x_t3,gyro_y_t3,gyro_z_t3,flex_t3,acc_x_t4,acc_y_t4,acc_z_t4,gyro_x_t4,gyro_y_t4,gyro_z_t4,flex_t4,acc_x_t5,acc_y_t5,acc_z_t5,gyro_x_t5,gyro_y_t5,gyro_z_t5,flex_t5,acc_x_t6,acc_y_t6,acc_z_t6,gyro_x_t6,gyro_y_t6,gyro_z_t6,flex_t6,acc_x_t7,acc_y_t7,acc_z_t7,gyro_x_t7,gyro_y_t7,gyro_z_t7,flex_t7,acc_x_t8,acc_y_t8,acc_z_t8,gyro_x_t8,gyro_y_t8,gyro_z_t8,flex_t8,acc_x_t9,acc_y_t9,acc_z_t9,gyro_x_t9,gyro_y_t9,gyro_z_t9,flex_t9,acc_x_t10,acc_y_t10,acc_z_t10,gyro_x_t10,gyro_y_t10,gyro_z_t10,flex_t10,gesture
3.153762,1.95307,12.99513,-10.92226,47.13415,-9.596037,8.09584,2.633622,-0.6530185,15.94179,-91.20427,233.6967,76.98933,0,-2.838326,0.587178,7.436989,-25.60976,119.2073,28.65092,0,-3.900155,-0.05267244,9.268554,-14.48171,75.8689,19.56555,0,-5.014057,-0.6907272,9.184157,-8.102135,91.20427,21.23476,0,-6.253655,1.734599,7.183204,4.039634,89.29878,10.21342,0,-7.503428,-1.372476,5.300763,17.48476,61.97409,14.58842,0,-7.764396,2.182315,5.573103,20.37348,71.21951,-4.131098,0,-8.541913,1.66816,3.536834,18.39939,56.81403,0.3734756,0,-8.985439,1.328183,2.744354,7.004573,49.57317,4.756098,0,up
2.542642,1.742979,9.172187,-4.207317,-0.9527439,-2.926829,11.12652,3.657143,1.725022,13.57752,-84.94665,249.7485,3.010671,0,-1.901595,1.630451,9.131485,-31.89025,99.28354,-1.608232,0,-3.313575,-0.07422025,9.746795,-27.38567,88.25458,1.806402,0,-4.374805,-1.197101,10.97382,-28.48323,119.7637,9.092988,0,-6.562507,0.2136825,5.74369,-6.867378,92.98781,18.64329,0,-7.504027,0.3220201,6.241684,-1.493902,74.4436,-4.695122,0,-8.22109,-0.5464766,5.637148,11.24238,62.67531,30.25153,0,-8.488044,-1.332972,3.216012,9.054878,73.9558,-4.657012,0,-9.029732,1.22643,2.820968,4.001524,56.6311,-6.852134,0,up
3.087922,1.92434,10.89541,-5.373476,16.45579,-6.859756,0,0.2256535,1.316212,5.956774,-63.62805,170.8765,-0.0304878,0,-1.595137,0.3046622,10.54526,-29.93903,158.7881,18.95579,0,-4.424485,0.4914099,8.156446,-28.52134,102.2942,10.86128,0,-5.6982,-1.696292,8.432977,-34.48171,109.8704,19.38262,0,-7.450756,-0.676362,5.279813,3.559451,74.34451,27.27896,0,-8.340201,0.5686229,4.477157,11.66159,84.05488,20.78506,0,-8.239645,1.807622,3.524265,16.71494,72.71342,7.629573,0,-8.804677,0.806846,3.489549,12.08842,33.29268,13.62043,0,-9.352949,1.246781,1.020528,2.903964,30.12957,-9.001525,0,up
-4.565144,-2.020706,8.491635,-29.88567,72.85823,-2.957317,0,-5.519234,-2.151789,8.620323,-30.66311,78.28506,9.916159,0,-6.514623,-0.4094085,6.969521,-12.36281,61.05183,25.84604,0,-7.194576,-0.7020996,6.300941,7.942073,67.24085,32.69817,0,-7.62254,-0.1927332,5.81791,14.39787,76.875,11.43293,0,-8.343793,0.4471172,4.592678,15.38872,70.61738,22.21037,0,-8.811859,0.1657985,3.849278,16.0747,71.27287,26.19665,0,-8.999206,0.9696517,2.123657,14.12348,67.2561,17.3628,0,-9.39784,2.016516,0.1705869,9.794208,36.24238,0.945122,0,-9.036914,1.386243,1.123479,5.03811,6.882622,-1.036585,0,up
1.42874,-0.5321114,10.83316,-29.45122,138.4604,15.36585,0,-0.3776853,-0.8026561,9.674969,-23.62805,162.782,19.32927,0,-3.679888,-1.90758,8.632295,-20.32774,78.24696,1.493902,0,-4.638167,-0.9630676,8.661025,-11.46342,76.50915,3.132622,0,-5.964555,-1.02412,7.580042,1.105183,97.53049,16.72256,0,-6.927623,-0.7469909,6.330269,13.49848,91.61585,22.40092,0,-7.818864,-1.408988,5.112219,11.69207,84.56555,34.33689,0,-8.445546,0.237026,3.754108,7.835366,77.14939,26.40244,0,-9.172187,0.8678981,2.00275,5.0,65.72409,18.35366,0,-9.911396,1.038485,-2.155979,16.51677,11.77592,3.856707,0,up
-0.4560954,-1.479617,10.02512,-2.934451,122.5686,1.356707,0,-2.34931,-1.397017,8.637083,3.864329,106.6082,10.21342,0,-3.950433,0.2442086,8.331223,-0.8993903,95.04573,1.493902,0,-4.914099,-1.732205,8.476671,1.196646,82.79726,-2.789634,0,-6.299743,-1.741183,7.391499,11.37957,98.26982,12.1189,0,-7.010222,-0.7308301,5.926847,-3.75,111.372,3.932927,0,-8.128315,0.629675,4.486734,0.4115854,94.70274,28.97866,0,-8.977658,0.1262941,1.737592,0.625,68.5061,22.62195,0,-9.200917,0.01616086,0.9828197,4.009146,32.21037,6.097561,0,-9.622895,0.1286883,0.7559691,6.455793,4.214939,4.931403,0,up
1.146224,-2.430713,13.43207,11.75305,194.3674,18.58994,0,-2.735974,-2.020706,5.91727,17.91158,136.0747,21.79878,0,-3.946243,-2.768894,9.922769,2.004573,76.96647,11.59299,0,-5.566519,-0.04967968,7.271789,6.867378,87.33232,14.87043,0,-6.554127,-0.1508347,6.893505,1.394817,89.13873,2.827744,0,-7.64289,0.1274912,6.479907,0.1371951,78.00305,15.81555,0,-8.350976,-1.216254,2.718616,0.625,112.9192,19.69512,0,-9.317036,0.3639187,-0.1981202,2.271342,58.56707,24.93903,0,-9.442133,0.9696517,3.597887,-7.240854,21.8064,12.87348,0,-9.816227,1.101931,1.795053,-1.394817,30.83842,2.271342,0,up
-1.316212,-2.44029,9.939528,10.29726,86.47104,23.06403,0,-3.002329,-1.482011,8.586205,-1.814024,102.1494,4.504573,0,-4.396951,-2.221221,7.477691,16.75305,65.75458,7.797256,0,-5.291784,-2.337938,7.983466,20.92988,67.03506,13.83384,0,-5.853225,-2.321777,8.511986,24.04726,106.2271,21.50915,0,-6.419453,-3.050213,6.428432,15.11433,146.7454,21.67683,0,-8.157643,0.6925228,0.7098808,8.003049,99.07012,30.23628,0,-9.849147,1.360505,-0.6506243,8.864329,20.23628,0.3277439,0,-9.877279,0.2879027,0.9684546,5.823171,32.03506,1.440549,0,-9.523536,-0.2867056,1.58556,2.797256,12.19512,3.109756,0,up
-2.609081,-1.47423,8.661025,-6.417683,99.20732,-3.452744,0,-3.855862,-1.433528,8.81605,3.628049,83.69665,7.911585,0,-5.276222,-1.867477,6.691195,18.03354,69.04726,23.04878,0,-6.28897,-2.176329,6.91206,13.85671,70.56403,11.60823,0,-6.862979,-1.405995,6.925229,16.50915,83.9558,17.70579,0,-7.628525,-0.4932055,4.301782,11.78354,89.84756,11.69207,0,-8.825027,0.1460463,2.905364,1.417683,89.0625,31.66159,0,-9.214684,0.5895722,0.7643489,2.134146,53.58994,25.76982,0,-9.139865,-0.2507926,1.554435,0.9527439,32.02744,7.637195,0,-9.671378,0.444723,0.7763199,0.9070122,25.57165,3.246951,0,up
-1.739388,-0.7864953,8.251018,3.338415,67.66769,-0.2439024,0,-2.182913,-2.52708,9.463681,-4.6875,108.0945,10.32774,0,-3.975572,-1.866879,7.340024,15.2439,90.83842,25.06098,0,-5.572505,-1.034894,6.182427,18.20122,77.66769,25.47256,0,-6.345233,-0.4363432,7.823653,10.45732,81.81403,8.277439,0,-7.215525,0.09337386,5.966949,17.85823,88.89482,12.36281,0,-8.131308,-0.6745663,4.823718,6.143293,95.80031,24.53506,0,-8.792108,0.6901286,2.129642,4.96189,73.6433,21.81402,0,-9.254786,1.444302,1.182736,5.106708,30.92988,5.060976,0,-9.506777,0.9433154,1.644816,2.53811,30.90701,-1.189024,0,up
1.335965,-4.144363,14.04499,17.73628,100.2058,24.0625,0,-1.146224,-2.294842,7.879318,1.768293,57.7058,4.390244,0,-2.005743,-2.345121,9.758167,5.945122,84.29116,19.3064,0,-3.526659,-1.187524,8.240842,2.446646,79.10061,10.07622,0,-4.13718,-3.381211,8.58022,15.06098,90.83842,14.69512,0,-5.583278,-2.03148,6.882133,29.02439,107.3857,46.64634,0,-6.240487,-1.376067,8.224682,17.75915,122.3247,33.24695,0,-8.017583,-0.6703765,3.113659,18.24695,99.77897,31.04421,0,-8.816648,0.736217,2.337938,15.37348,79.52744,30.70122,0,-9.01776,0.4381389,2.230798,12.27134,58.76524,30.45732,0,up
-0.2238579,-3.336919,8.777143,30.53354,120.221,13.03354,0,-1.914763,-2.491167,8.926183,10.57927,101.5168,12.43902,0,-3.221398,-1.343746,8.995016,8.658537,73.97104,-5.54878,0,-4.826711,-1.960253,7.989451,25.33537,94.53506,16.76067,0,-5.895722,-0.7320271,6.860585,24.24543,86.97409,14.38262,0,-6.995857,0.3483563,7.102399,14.53506,97.14177,16.36433,0,-7.763798,0.4405331,4.144363,15.91463,113.3232,30.59451,0,-8.734048,0.7655459,2.202666,-2.560976,94.6875,13.98628,0,-9.533113,0.7410054,1.234211,9.695122,74.29116,19.71799,0,-9.501988,1.05704,-0.5063736,3.971037,35.30488,0.6402439,0,up
-2.097919,-1.567604,9.961675,12.52287,128.186,15.73171,0,-4.136582,-0.9618706,7.982268,1.653963,99.33689,1.227134,0,-5.543774,-1.745373,7.123349,24.65701,73.37653,12.82012,0,-6.640318,-0.6769605,6.791153,21.32622,76.28811,26.83689,0,-7.405864,-0.8224083,6.126762,16.6311,101.4329,24.58842,0,-7.657854,0.5883751,5.985504,18.82622,131.2652,17.07317,0,-8.632893,1.647809,-1.043872,12.69817,105.0381,29.53506,0,-9.188348,2.245163,0.4052186,4.603659,36.55488,6.692073,0,-9.391854,0.8248025,1.229423,4.92378,28.03354,-2.827744,0,-9.350554,1.599327,-0.7374141,4.900915,-1.189024,-3.216464,0,up
-3.248333,-1.790863,9.795877,16.36433,80.99085,18.47561,0,-4.630985,-1.33357,7.940969,20.19055,82.04269,11.89787,0,-5.481525,-1.405995,7.94037,18.2622,74.48933,11.25,0,-6.576872,-0.8984242,6.779781,30.04573,88.23933,30.48018,0,-7.23408,0.219668,6.72232,19.01677,85.59451,14.21494,0,-8.14687,1.073799,5.048773,11.62348,85.12958,5.213415,0,-7.878719,0.3453636,4.589086,-15.10671,127.1646,20.95274,0,-9.141661,0.374094,-0.955885,0.4115854,101.6616,49.90854,0,-8.535329,1.860893,0.5889736,-3.155488,24.11585,-5.022866,0,-9.54209,2.406173,0.118513,2.85061,4.466464,-4.077744,0,up
1.596334,-2.49416,10.69071,28.34604,46.13567,-5.9375,0,0.439336,-2.364873,10.42615,21.50915,75.1372,16.13567,0,-0.7763199,-1.745972,9.580997,1.349085,61.35671,11.25762,0,-1.793856,-1.94888,10.47044,7.721037,106.7683,18.5061,0,-3.766079,-0.6847417,7.428609,8.346037,120.5869,2.385671,0,-4.890756,-1.690306,6.876746,17.8125,107.561,15.56402,0,-6.425439,0.296881,7.258621,21.29573,111.5244,22.40092,0,-7.915231,-0.4213795,3.77386,16.62348,105.846,12.65244,0,-8.485649,-0.3363853,3.837307,-3.833842,90.44208,15.87652,0,-9.09258,1.066617,1.329979,-9.291159,100.6631,0.9146341,0,up
2.839523,-4.040814,14.42507,-1.958842,156.3262,33.46037,0,-0.8966286,-1.182137,10.90439,10.82317,135.686,10.5564,0,-2.697068,-2.548029,9.911396,21.69207,103.5137,18.04116,0,-4.466383,-1.62267,8.021772,22.46189,118.6662,10.57927,0,-5.69401,-2.652177,6.885724,21.82165,109.8704,19.08537,0,-6.646903,-1.144428,8.668207,18.17835,130.0229,19.98476,0,-8.189367,1.039083,2.586336,15.07622,123.9787,22.94207,0,-8.740033,1.340154,2.430713,9.115854,91.12043,5.929878,0,-9.583391,1.006762,-0.4399345,3.887195,48.09451,3.20122,0,-9.896433,0.06224924,-1.657386,5.525915,26.96646,-1.905488,0,up
-1.619677,-1.400608,9.108741,3.536585,119.9848,7.14939,0,-3.312977,-0.8553286,8.653243,5.23628,70.08384,0.1371951,0,-4.173094,-1.359907,8.548497,15.80031,83.73476,0.2667683,0,-5.16549,-1.748366,7.232285,22.0122,105.9604,16.79116,0,-6.595427,-1.274314,6.593033,13.36128,115.2363,19.33689,0,-8.07265,0.8804676,4.007295,15.86128,118.8872,19.60366,0,-8.595782,-0.1029507,2.555212,12.59909,99.79421,21.89024,0,-9.132683,0.3489549,0.9343372,10.8689,53.27744,15.52592,0,-9.556456,0.5680243,0.3363853,1.051829,55.40396,14.14634,0,-9.497798,2.215235,-1.430536,2.881098,21.36433,2.141768,0,up
-2.211644,-0.0796072,9.911995,-7.057927,116.1052,-3.460366,0,-4.226365,-1.417966,7.933786,33.10213,126.9665,24.80183,0,-5.738303,-0.7038953,7.447763,24.21494,89.87805,21.84451,0,-6.971317,-0.4572925,6.833052,30.10671,100.7927,16.0747,0,-7.947553,0.2376245,4.511873,18.54421,98.69665,8.300305,0,-8.623316,-0.0784101,3.387197,13.60518,81.44055,15.08384,0,-8.907627,0.8212111,3.128623,5.396342,79.86281,14.23781,0,-9.160814,1.454478,1.101931,-0.06859756,59.35213,10.56402,0,-9.597157,1.510741,-2.397194,3.239329,26.13567,-2.157012,0,-9.697116,1.294066,-2.458247,5.228659,-6.227134,-2.035061,0,up
0.6428432,-0.9738416,11.22881,17.21037,103.9863,-13.23171,0,-1.39582,-1.313818,9.021951,-2.378049,111.1128,1.684451,0,-3.019088,-1.228824,8.80767,2.858232,88.06403,0.4039634,0,-3.636194,-1.658583,10.50755,13.6814,114.596,7.317073,0,-5.306149,-0.7763199,7.235278,15.35061,102.6524,2.195122,0,-7.082048,0.1831564,5.328296,20.94512,91.21951,12.4314,0,-7.887698,0.7392097,4.984129,19.18445,119.3445,23.82622,0,-8.7538,1.140239,1.561618,11.76829,100.9375,26.73781,0,-9.227253,1.31322,1.054646,0.4344512,67.1189,6.333842,0,-9.674371,1.400608,-1.054047,7.698171,35.8308,1.486281,0,up
2.82037,-2.095525,13.68466,14.88567,58.59756,10.86128,0,-0.5955577,-1.453879,7.254431,20.77744,136.3872,26.19665,0,-2.858677,-0.1789666,7.314885,-0.4115854,118.6738,3.224085,0,-4.468179,-0.5608418,6.892308,-0.3429878,134.4665,-16.05945,0,-5.953781,-1.286883,6.637326,22.37805,96.23476,15.91463,0,-7.153276,2.220024,7.378331,33.10976,106.1052,36.7378,0,-8.202535,0.5452795,3.418321,27.20275,125.122,31.58537,0,-9.003994,0.8672996,0.1496376,17.82774,104.7104,17.66006,0,-9.163807,1.856105,-0.7374141,3.315549,71.12043,13.51372,0,-9.272144,1.869872,-0.4333505,-1.089939,46.99695,8.467988,0,up
2.058415,-2.381632,12.44985,13.97104,71.22713,-0.4192073,0,0.4740519,-2.025495,9.103952,6.448171,72.04269,-3.414634,0,-0.9457096,-1.532289,9.409811,7.035061,98.26982,2.080793,0,-1.957858,-1.315015,10.67156,10.71646,97.90397,9.352135,0,-3.975572,0.1490391,8.99322,8.734756,120.5945,0.5335366,0,-5.100847,-1.661576,6.551733,28.28506,124.2073,10.59451,0,-6.675035,-0.5865794,7.464522,19.40549,99.16159,16.88262,0,-7.957728,0.6015432,5.418677,19.95427,96.50915,20.0686,0,-8.727464,0.2280477,2.39061,15.03049,112.8887,34.36738,0,-8.883685,0.5692214,0.6907272,2.660061,91.60823,22.46951,0,up
-2.186505,0.2244564,9.321824,14.36738,75.99085,10.70884,0,-3.310582,-1.23481,9.226056,14.52744,82.12653,10.42683,0,-4.272453,-1.587954,9.522937,22.23323,98.85671,-7.881098,0,-5.673061,-1.099537,6.508637,25.23628,80.19817,4.916159,0,-6.628946,-0.2477999,7.697359,25.64787,75.21342,10.14482,0,-7.430405,0.7128736,6.590639,21.55488,109.9085,15.67073,0,-8.130111,0.4704606,3.417124,7.530488,124.7104,6.852134,0,-8.874108,0.605733,0.9325416,3.269817,111.0899,18.58232,0,-9.398438,1.546056,-1.420959,-0.9832317,68.71951,12.09604,0,-9.591172,1.153407,-2.805406,14.34451,16.1814,13.55945,0,up
0.9858126,-1.388038,9.700109,15.3125,53.78049,6.310976,0,0.6506243,-2.400187,11.63522,20.34299,86.63873,12.35518,0,-0.6368576,-0.8559271,10.93432,8.742378,119.6951,11.76067,0,-3.240552,-0.1532289,8.977059,11.20427,129.154,4.41311,0,-4.431069,-2.211045,8.635287,27.03506,138.7424,0.08384147,0,-6.110601,-0.6602011,6.86657,36.83689,169.7256,31.32622,0,-7.793127,1.283292,3.313575,30.15244,127.4771,13.55183,0,-8.771756,1.070807,1.683722,12.41616,100.9223,19.33689,0,-9.006987,1.212065,1.963844,11.77592,81.27287,12.80488,0,-9.214086,1.202488,-0.6171055,2.431402,50.64024,3.39939,0,up
2.487576,-1.54845,12.00393,-0.4268293,60.87653,9.405488,0,1.54426,-1.687314,10.99896,31.21189,175.9527,8.178354,0,-1.455675,-1.647211,9.181764,17.1189,109.9619,9.321647,0,-2.765902,-1.316212,10.86549,10.11433,115.3049,10.45732,0,-4.72795,-1.593341,6.940791,21.26524,173.8796,13.83384,0,-6.524798,-0.1801637,4.691438,-16.73018,163.8338,23.87195,0,-8.079832,0.1999158,4.493318,26.25,107.1265,21.05183,0,-8.817844,0.9594764,2.239776,17.69055,86.70732,15.17531,0,-9.090185,1.999158,1.712453,7.202744,96.03659,30.0,0,-9.029133,2.050634,-1.145625,-4.588415,70.99085,21.08232,0,up
1.804031,-3.301604,11.0654,23.80335,84.98476,24.4436,0,-0.002992752,-1.832761,10.6524,16.44055,103.7729,16.22713,0,-1.58137,-1.732205,9.874885,14.70274,113.9253,18.68902,0,-3.29502,-0.5506664,10.80623,23.91006,115.5716,-1.516768,0,-5.215768,-1.182736,6.657676,39.48933,124.3979,23.54421,0,-6.749853,-0.0688333,6.370372,31.18903,108.1326,22.98781,0,-7.644087,0.4106056,6.032191,24.50457,121.6616,25.84604,0,-8.359954,0.6584055,1.629853,9.535061,126.5549,26.32622,0,-9.142858,1.247978,-1.605911,5.243903,75.36585,20.09146,0,-9.282919,2.570774,-0.7763199,1.95122,46.32622,15.52592,0,up
1.159392,0.01077391,7.611766,-22.79726,92.42378,-143.6281,0,2.303821,-3.784036,12.056,-31.68445,27.46189,-130.3125,0,0.5482722,-0.717662,8.16722,-20.76982,51.92836,-133.7729,0,2.091934,-4.411915,12.37323,1.417683,65.42683,-96.11281,0,-0.2346318,-3.205836,8.805275,-21.12805,53.14787,-77.4314,0,-0.007182605,-3.263297,9.350554,-25.89939,31.22713,-71.76067,0,-1.018134,-3.455432,9.482236,-14.6189,5.251524,-59.03963,0,-0.1897405,-2.431312,7.964312,-35.01524,9.588415,-54.27592,0,0.4788404,-5.935226,11.71004,-4.634146,-7.522866,-38.84909,0,1.014543,-5.446809,8.218098,-11.31098,8.102135,-16.75305,0,right
-0.8774749,-0.3537433,8.74961,-8.871951,55.99086,-114.9314,0,-1.21805,-2.88202,9.656414,-16.60061,22.98781,-87.9497,0,0.2537854,0.04189853,8.118139,-35.37348,38.54421,-205.9832,0,1.247978,-4.303577,9.08001,-16.72256,-4.565549,-136.4101,0,1.240795,-5.990293,8.277354,4.634146,36.53963,-101.3491,0,2.565986,-6.663064,9.616311,-30.30488,-16.79878,-41.66159,0,0.6194997,-4.167706,9.3733,-16.90549,13.35366,-40.68598,0,1.352724,-4.84347,9.515156,-21.32622,25.41921,-40.06098,0,3.284845,-6.960543,7.842207,6.310976,5.068598,-0.6935976,0,0.4118027,-4.844069,9.146449,-1.859756,-9.283537,-1.440549,0,right
2.551022,2.420538,11.69927,-120.1753,98.91006,-204.9314,0,1.782483,-2.845509,11.10431,-68.76524,50.0686,-159.154,0,2.429516,-8.839393,8.429984,-45.65549,41.78354,-148.064,0,1.270124,-6.448782,8.482059,-20.57165,67.5686,-114.3369,0,0.9941922,-4.745308,9.021352,-15.67073,27.96494,-94.20732,0,1.175553,-5.229535,10.26514,-31.47866,39.99238,-57.8125,0,1.285686,-5.342661,8.803479,-20.32012,20.77744,-41.89787,0,1.228824,-4.973355,8.4647,-15.75457,-3.978659,-30.49543,0,1.293468,-4.915296,8.071452,-13.71951,-4.397866,-23.06403,0,1.753154,-5.555147,8.473679,-5.083842,-2.721037,-2.400915,0,right
1.188123,1.842338,10.18733,5.990854,48.23933,-79.16921,0,1.062427,0.7290344,11.09174,1.303354,54.18445,-48.91768,0,0.889446,1.23481,9.43914,-31.42531,46.5625,-171.7759,0,1.715446,-4.443638,7.711125,-91.23476,58.9558,-232.5457,0,0.5303157,-4.641758,11.31799,-16.40244,35.52592,-146.7531,0,1.181539,-5.985504,7.071275,-24.42073,32.19512,-102.1799,0,1.278504,-4.839879,9.498995,-7.057927,13.53659,-85.48019,0,1.46585,-5.520431,5.4091,-1.91311,31.28049,-62.43903,0,0.9894038,-3.064578,9.561244,-9.878049,-5.464939,-51.63872,0,1.195904,-3.595492,7.044939,-13.08689,-5.579268,-28.94817,0,right
0.5033809,-0.617704,11.04206,-16.12043,36.39482,-108.7195,0,1.288081,-3.508104,11.43291,-12.49238,36.89024,-93.28506,0,-0.4602853,-3.609259,7.634511,-50.79268,59.73323,-135.5564,0,0.4860229,-2.342128,9.259575,-41.63872,28.66616,-134.8171,0,1.990779,-4.712986,14.25208,-49.00153,93.13262,-120.7012,0,-0.1095347,-3.937265,7.222109,-17.33232,23.90244,-88.58994,0,1.136647,-4.327519,10.12807,-3.208842,16.25762,-99.83232,0,1.195305,-5.639542,7.311294,-5.54878,24.74848,-59.50457,0,0.7416039,-4.487332,8.034343,-14.97713,30.50305,-48.20884,0,2.100912,-5.196016,7.020997,-3.246951,-15.61738,-28.17835,0,right
-0.6236896,-6.902483,7.705738,-38.76524,54.64939,-91.34909,0,-1.012747,-3.512294,8.060678,-39.47409,35.70884,-74.77897,0,-0.8553286,-3.443461,7.767389,-22.62195,21.01372,-89.94665,0,0.2753332,-5.361814,7.765593,-18.76524,35.36586,-104.1768,0,1.638232,-9.068638,7.693767,21.11281,57.31707,-59.79421,0,-0.7924808,-3.873818,6.811504,27.10366,45.04573,-87.17988,0,0.5363012,-5.506664,9.417592,8.78811,13.38415,-67.77439,0,0.3561375,-5.023633,8.602965,-11.69207,11.37957,-25.80793,0,0.6135142,-5.398326,6.476914,-11.83689,3.147866,-22.42378,0,1.122881,-5.848436,7.257424,-3.681402,-1.417683,1.745427,0,right
-0.1921347,0.332794,9.927557,-49.5503,26.60061,-61.37195,0,1.580772,-0.1095347,11.8489,-3.925305,20.2439,-42.21037,0,1.583166,-2.684499,7.905654,-68.55183,68.75762,-166.9969,0,0.7068881,-5.519234,8.568848,-61.64634,58.62805,-123.9863,0,-0.1382651,-4.908712,8.339603,-24.8247,68.91769,-117.6982,0,0.5404911,-5.947795,9.766547,-18.97104,50.95274,-71.04421,0,1.299453,-5.600038,8.507795,-20.32774,50.95274,-85.16769,0,1.385644,-6.245275,7.160459,-15.51829,34.0625,-73.10213,0,1.028908,-6.33805,8.539519,-9.580793,19.46646,-36.35671,0,0.7260417,-5.500679,7.778761,-15.86128,16.57012,-37.59146,0,right
0.5931635,-2.895787,9.242816,-36.82165,36.95122,-84.7561,0,0.3154361,-3.247136,10.18972,-29.00915,34.03201,-62.15701,0,0.2896984,-3.609858,9.023746,-46.32622,60.16006,-95.68597,0,0.8559271,-6.388927,8.765172,-72.31708,69.92378,-108.7652,0,0.6853402,-7.177817,6.379351,-56.3872,60.40396,-110.5335,0,1.152808,-8.483255,5.465364,-25.49543,47.31707,-90.39635,0,1.8992,-7.645285,5.48751,-14.49695,54.32165,-61.47866,0,0.9355343,-7.266402,4.528034,-4.977134,34.33689,-38.6814,0,1.572392,-7.662044,6.737284,-8.78811,11.25762,-34.74086,0,2.841918,-8.488642,4.800973,-7.301829,5.304878,-2.926829,0,right
-0.7703344,-6.212355,6.90787,-34.67988,37.72866,-91.95123,0,-0.237026,-4.385579,9.012972,-45.21342,55.82317,-97.58385,0,-0.09876081,-7.945757,6.905476,-44.36738,50.75457,-80.63262,0,0.682946,-6.871359,6.791153,-51.05183,78.00305,-84.70274,0,1.175553,-7.937976,4.754286,-36.60823,57.69055,-77.11128,0,1.404199,-7.924209,4.887164,-25.32012,23.87957,-69.85519,0,1.987187,-7.61416,4.606444,-26.11281,38.65854,-46.53963,0,2.281076,-9.910798,5.353435,-11.05945,42.76677,-32.13415,0,2.862867,-11.34672,6.272809,-5.007622,55.99848,1.059451,0,1.25516,-7.896676,2.519897,5.297256,-11.79116,-9.108232,0,right
-0.02513912,-4.050989,8.727464,-49.88567,69.54269,-76.06708,0,-0.0712275,-5.133767,8.483853,-53.20122,70.64024,-89.74847,0,-0.1855506,-6.236896,5.248689,-53.91006,81.25,-112.6753,0,1.097741,-8.282741,7.140707,-86.82927,109.2378,-88.68903,0,0.7739257,-9.270349,4.032434,-70.81555,31.14329,-89.54269,0,1.362899,-8.14268,1.683722,-57.95732,35.95274,-56.71494,0,1.105523,-7.475895,3.797204,-36.46342,24.78659,-45.74695,0,2.837129,-12.7168,0.712275,16.90549,49.22256,29.43598,0,1.910573,-8.781333,3.263297,19.08537,7.065549,-21.6311,0,1.055244,-7.599196,2.644994,-15.12195,13.30793,-9.161586,0,right
1.842338,-3.913323,9.38168,-30.89939,58.6814,-30.14482,0,0.8583213,-5.377377,8.639477,-55.66311,102.843,-45.29726,0,0.2974796,-4.962582,6.8133,-76.89024,101.936,-102.4314,0,0.1268927,-6.425439,6.054338,-87.23323,76.20427,-86.89787,0,0.6464345,-7.200562,7.007828,-88.79573,93.87958,-94.73323,0,0.1514333,-7.451953,6.846818,-84.05488,101.2043,-66.29573,0,1.079785,-7.806294,4.522647,-76.53963,126.0899,-60.00762,0,1.022923,-9.791088,2.817377,-27.91159,80.35823,-4.839939,0,0.6171055,-9.884461,3.203442,-24.23781,77.44665,-11.95122,0,1.325191,-10.23402,1.282095,-41.34146,56.65396,20.5564,0,right
1.398812,2.788048,8.741829,-156.3719,244.4284,-170.5945,0,-1.044471,-6.494871,5.928642,-77.66006,118.2012,-175.968,0,-0.4746505,-6.466739,7.518991,-79.43597,144.5198,-97.17988,0,-0.6961141,-7.898471,4.177283,-77.24085,101.5777,-112.3857,0,-0.2986767,-11.04445,0.8170213,-45.73171,92.34756,-45.49543,0,-0.8672996,-8.370728,0.4118027,-41.9436,89.95427,15.51829,0,-0.8649054,-8.732252,-0.2082956,-29.4436,47.07317,-17.56098,0,0.08559271,-12.00872,0.6889315,-22.5,22.22561,-25.22104,0,-0.682946,-7.811083,-3.318364,-10.58689,5.167683,6.753049,0,-0.1095347,-10.33457,0.6266823,7.408537,-3.75,7.621952,0,right
1.760337,-3.396175,9.188946,0.1981707,0.7545732,5.609756,0,1.723825,-2.524087,9.879075,0.6021342,3.932927,-6.455793,0,1.910573,-3.078943,9.925761,-36.8064,50.68598,-45.22104,0,1.698686,-2.368464,8.336012,-94.76373,80.48019,-102.8963,0,1.184531,-7.020997,5.923853,-86.99696,120.6555,-137.782,0,0.6811504,-7.963713,6.177639,-90.74696,98.71189,-99.27592,0,1.207875,-8.47727,6.63972,-68.14787,69.56555,-80.81555,0,0.8032547,-7.740454,4.729745,-51.3186,57.65244,-72.17988,0,1.42455,-8.224083,4.312556,-32.37805,48.02592,-56.74543,0,1.318607,-8.331821,4.259285,-32.34756,62.1189,-48.91768,0,right
1.769315,-2.200271,10.64941,-15.12195,59.96189,-49.14634,0,1.451485,-3.828927,10.36869,-52.98018,79.77135,-96.60061,0,0.1083376,-6.409278,7.085042,-82.44665,76.4939,-92.68293,0,0.183755,-6.137536,8.763975,-61.01372,78.53659,-83.14024,0,-0.01017536,-6.548141,7.064691,-69.90092,98.32317,-90.3811,0,0.2483984,-6.576273,6.118981,-77.66006,92.97256,-109.9924,0,0.9696517,-8.98903,4.951807,-68.70427,102.6448,-65.96799,0,0.6099229,-8.279149,3.852271,-43.94817,97.49238,-35.57927,0,0.8050503,-9.543288,2.513912,-24.32927,86.68446,-12.17226,0,-0.1155202,-9.803658,2.861071,-25.17531,46.99695,-3.323171,0,right
1.508946,-2.120664,8.829217,-38.28506,81.17378,-42.45427,0,0.8768764,-2.227805,8.452729,-74.10823,69.92378,-119.9695,0,0.5793968,-4.400543,8.768764,-65.48019,42.7058,-81.93597,0,0.2364274,-5.725135,8.936357,-61.95122,60.97561,-70.16769,0,0.4710592,-6.724115,9.120711,-74.69512,83.81097,-74.46647,0,0.166397,-7.247249,5.233126,-74.93903,87.24085,-78.76524,0,0.1274912,-8.441956,5.592257,-67.85061,108.9406,-56.20427,0,-0.2980781,-9.30267,2.370858,-52.98018,92.28659,-44.20732,0,-0.2693477,-9.913192,3.241151,-32.35518,47.9497,-18.16311,0,-0.1209072,-10.12029,3.180098,-34.1997,58.16311,3.445122,0,right
2.573767,-8.494029,12.82813,-126.9055,115.5335,-102.4085,0,0.3788824,-9.030331,2.863465,-116.875,157.9268,-106.3034,0,0.3429694,-9.764751,3.905541,-67.8811,75.16769,-66.67683,0,0.2454057,-8.687361,4.411316,-40.04573,55.46494,-42.75153,0,-0.1227028,-8.519767,3.123236,-24.87043,47.46951,-29.29116,0,1.158794,-9.953295,3.591901,-50.4497,46.4939,-9.96189,0,0.4746505,-9.082404,3.132813,-34.28354,54.95427,-4.756098,0,-0.4578911,-8.616732,2.215235,-29.90854,40.0686,-4.61128,0,0.09277532,-9.248202,-0.836175,-4.839939,-1.83689,-23.29268,0,0.2070985,-9.755774,3.10109,-4.542683,5.030488,2.14939,0,right
0.7326257,-3.240552,9.412206,-63.23171,88.125,-76.79116,0,0.07781155,-6.615778,7.072472,-57.9497,81.0747,-130.3582,0,0.6051345,-6.254852,8.697536,-37.82774,73.20122,-92.69055,0,0.3250129,-5.432444,5.288193,-45.1372,74.40549,-119.718,0,2.174534,-8.505402,6.89171,-58.46037,73.28506,-93.52135,0,1.992574,-9.24521,4.326921,-43.75762,66.29573,-76.62347,0,1.513734,-8.358158,4.449025,-29.6189,52.71342,-32.02744,0,1.836353,-9.226655,3.646369,-31.34146,37.65244,-40.99086,0,1.843535,-9.954493,5.889138,20.00762,10.60976,5.807927,0,1.461062,-8.610147,4.502296,-2.751524,17.59146,-6.692073,0,right
1.827374,-5.993884,10.87327,-35.57927,80.64024,-28.07927,0,-0.2394202,-5.119402,7.28376,-43.42226,58.97866,-45.28201,0,-0.02214637,-4.856638,6.50744,-45.36586,54.45122,-66.79878,0,0.2364274,-6.347029,7.294534,-56.13567,83.93293,-76.65397,0,0.789488,-9.094376,7.033566,-52.30945,97.5,-68.5061,0,0.4399345,-8.327632,5.704784,-47.56098,105.8384,-71.23476,0,0.3752911,-9.836577,0.65242,-52.46951,109.2531,-38.53659,0,0.2783259,-9.330803,3.730765,-24.375,54.15396,-36.28049,0,-0.03651158,-8.936357,2.719813,-30.57927,46.28049,-29.23018,0,1.584962,-11.30183,1.267131,-12.41616,23.74238,-9.13872,0,right
0.794875,-4.335301,9.18715,-70.44208,66.34146,-67.49238,0,0.2507926,-4.711789,9.509171,-80.8308,100.7317,-57.61433,0,-0.9301474,-5.415684,7.030573,-63.83384,93.27744,-57.75153,0,-0.7721301,-8.290522,6.953959,-78.125,97.4314,-47.82774,0,-0.4932055,-8.139688,6.859388,-62.31707,110.1296,-57.30945,0,-0.6769605,-9.014768,5.3678,-58.27744,107.1189,-69.4436,0,-0.7428011,-8.962095,3.059191,-46.74543,93.54421,-45.78506,0,-0.6847417,-8.742428,2.503736,-35.96037,71.29573,-40.03049,0,-0.05566519,-9.498995,2.559402,-34.67988,78.55946,-28.11738,0,0.01376666,-10.04128,1.276109,-30.38872,53.62805,-0.2896341,0,right
1.164779,-2.346916,9.043498,6.608232,-4.92378,6.806403,0,1.277905,-2.143409,9.3733,-1.120427,4.862805,1.684451,0,1.33357,-0.2412158,10.83616,0.8612805,22.66006,-34.74086,0,2.92332,-1.658583,16.36916,-40.08384,151.6387,-167.7592,0,0.830788,-4.795586,5.765836,-130.7241,128.8643,-159.4055,0,-0.7906851,-7.232285,6.825869,-66.04421,63.14787,-108.0869,0,-0.7679402,-6.873155,7.50702,-68.49085,72.71342,-99.27592,0,-0.178368,-7.517793,6.39611,-64.55793,75.54116,-75.94512,0,0.2172738,-8.794501,4.237737,-53.42988,76.61585,-62.21037,0,0.2190695,-10.03709,3.879205,-42.61433,74.32165,-39.79421,0,right
-0.81343,-3.681085,7.682993,-52.28659,55.2439,-68.4375,0,-0.837372,-3.259107,8.072051,-30.20579,64.90092,-42.87348,0,-0.587178,-4.327519,11.03787,-63.8872,108.1479,-83.2622,0,-0.6075287,-10.45189,3.758298,-75.52592,118.75,-103.529,0,-0.8212111,-8.89446,6.10701,-69.28354,136.1814,-82.85061,0,-0.6979098,-9.19134,5.255273,-54.48171,128.2088,-78.03354,0,-0.9576807,-8.010999,3.354277,-24.70274,120.564,-33.9253,0,-1.11091,-7.318476,2.645593,-31.98171,84.32165,-25.35823,0,-0.4052186,-10.66856,-0.1328782,-20.15244,38.33842,-33.59756,0,0.03711013,-10.27532,-1.080982,4.977134,-6.768293,-25.53354,0,right
0.2579752,-6.449979,6.588843,-114.657,130.5031,-129.7637,0,-0.848146,-6.844424,4.953005,-69.9314,112.2332,-83.10976,0,-1.444302,-8.635885,4.916493,-47.97256,101.4558,-71.43293,0,-0.4830302,-9.428965,3.58412,-34.9314,107.3704,-55.92226,0,-0.03052607,-9.144653,3.34889,-53.47561,102.5381,-60.73171,0,0.9570822,-12.53006,1.784877,-55.98323,116.5625,-25.0,0,-1.616685,-9.499594,-0.5524621,-21.34909,95.18293,-3.910061,0,-0.8343793,-8.12233,1.055244,-3.78811,64.48933,-9.61128,0,-0.2286463,-12.17751,1.108515,-11.85213,30.77744,-9.61128,0,-0.2017115,-10.7344,-1.391031,5.060976,6.974085,-1.753049,0,right
1.353323,-3.529652,8.798691,5.060976,0.6935976,-3.628049,0,1.644218,-3.443461,9.472659,-13.4375,5.045732,-19.73323,0,0.9702502,-2.355895,6.618771,-68.8186,116.2576,-81.19665,0,1.683124,-8.301296,8.140884,-42.23323,99.60366,-123.5976,0,0.7140707,-7.349002,6.596025,-59.57317,72.27897,-84.29878,0,0.7182605,-5.878364,8.632893,-66.53963,119.7637,-84.74847,0,1.145027,-7.070676,6.175843,-70.03811,113.0716,-73.32317,0,-0.101155,-7.258621,5.852626,-46.54726,82.4314,-54.97713,0,1.306037,-10.34654,3.21661,-4.771342,72.57622,-42.09604,0,2.051232,-12.47559,6.741473,-23.6814,53.84146,-28.4375,0,right
0.6991069,-6.302736,7.754819,-55.1372,77.31708,-13.44512,0,-0.6087258,-3.25791,8.339005,-43.24695,66.8064,-30.61738,0,-0.3770868,-3.803189,7.514801,-78.52135,99.17683,-93.53659,0,-0.3495534,-9.661202,5.2852,-70.12196,84.3064,-66.41006,0,-0.8774749,-8.358158,5.075109,-43.73476,98.79573,-40.6936,0,-0.8044518,-9.41041,2.756923,-38.63567,95.625,-32.49238,0,-1.318607,-9.726444,2.634819,-27.59146,93.3308,-11.47866,0,-1.008557,-9.740809,2.573168,-25.60976,80.41921,-32.5686,0,-1.279701,-9.698911,1.472434,-16.50152,67.89634,-13.55945,0,-1.051653,-10.158,1.782483,-17.51524,74.50458,-16.19665,0,right
2.006341,-3.668515,10.42256,-26.95122,50.01524,-14.89329,0,1.432331,-2.639009,8.998009,-104.7942,128.6433,-80.94512,0,-0.1029507,-5.245696,5.843648,-90.63262,150.0534,-55.58689,0,-0.4441244,-9.916783,5.824494,-69.8247,108.2927,-69.61128,0,-1.30903,-7.864953,4.859032,-48.10213,98.75,-56.34146,0,-0.8816648,-8.344392,5.547964,-34.02439,84.39787,-27.51525,0,-0.8571242,-8.86932,4.316746,-39.67226,100.3201,-42.40854,0,-0.5686229,-9.359533,1.942895,-44.91616,100.1372,-36.85976,0,-0.6877344,-8.263587,2.014122,-31.60823,75.10671,-22.82012,0,-0.5805939,-9.834184,0.08738836,-33.15549,60.5183,-16.35671,0,right
1.471237,-0.7930793,9.029133,26.47866,-81.3872,29.54268,0,4.006098,-2.626439,5.788581,-12.13415,-208.1707,0.617378,0,6.604405,-2.709638,7.240664,-5.015244,-125.8308,-2.073171,0,8.417415,-2.141613,7.138312,-2.157012,-152.8277,-0.3582317,0,9.22067,-2.456451,6.321889,-5.060976,-113.8186,6.646342,0,10.05744,-2.560599,3.326743,-15.65549,-61.5625,-3.696646,0,9.40203,-2.832939,2.20506,-17.82774,-59.96189,-9.550305,0,9.597157,-2.136226,-0.159813,-12.47713,-94.32165,-7.454268,0,9.577405,-1.443105,-0.7571663,6.166159,-85.19055,-8.041159,0,9.857527,-0.5231331,-1.446696,-0.7240854,-75.97561,4.344512,0,down
9.321824,-1.657985,1.438915,-4.977134,-97.16463,-4.824695,0,9.211691,-1.214459,1.8992,-0.785061,-68.10213,-5.3125,0,8.887876,-1.58137,-2.178724,0.8536586,-80.65549,-1.684451,0,10.05804,-1.34195,-0.3489549,8.917684,-67.05793,-2.256098,0,9.792285,-1.473631,-1.760935,4.352134,-52.13415,0.8307927,0,8.180987,-1.612495,-3.084929,11.98933,-43.97866,-3.567073,0,9.93474,-1.314417,-2.791041,4.009146,-18.86433,-5.426829,0,8.30369,-1.342549,-4.16232,2.705793,-14.42835,3.483232,0,8.591593,-1.590348,-4.490924,-0.2972561,-12.66768,3.864329,0,8.482656,-1.385046,-4.294001,3.071646,-15.96037,4.733232,0,down
3.197456,-0.7781156,7.61835,-16.92073,-38.49848,11.13567,0,4.325724,-3.599682,5.644331,18.76524,-127.2561,11.44055,0,7.226898,-4.738125,6.91206,31.45579,-145.0381,-16.9436,0,8.251018,-3.213019,4.519654,12.72104,-125.7927,-9.519817,0,9.260772,-3.007117,2.372055,2.11128,-89.60366,-11.62348,0,9.472659,-1.927931,0.8990228,-47.00457,-43.17073,14.01677,0,9.816826,-2.070984,-0.4728548,1.905488,-104.2302,-4.199695,0,8.623316,-1.791461,-0.8469488,13.37652,-91.72256,-6.295732,0,9.223662,-2.19249,-3.056198,16.44817,-75.65549,1.661585,0,9.361329,-1.895011,-2.91913,5.922256,-37.93445,1.364329,0,down
2.069189,-2.219425,7.595605,-4.146341,-13.1936,5.099085,0,2.512116,-2.641403,8.336611,-7.492378,-57.30945,0.6097561,0,5.850831,-3.491345,10.6129,19.00915,-114.5427,-0.5868903,0,6.740875,-2.587533,6.245873,36.47866,-142.6067,-6.875,0,8.277952,-2.32477,1.408988,-4.375,-116.4863,-17.95732,0,9.506178,-1.462259,5.403115,0.9832317,-86.01373,-15.03811,0,10.08438,-2.152986,3.76967,0.6707317,-79.35213,-10.11433,0,9.56723,-1.546654,0.5518635,8.376525,-81.37958,-5.891768,0,9.176975,-1.833959,-0.3351882,3.330793,-82.01982,-2.85061,0,9.758766,-1.944092,-1.726818,5.571647,-60.95274,8.018292,0,down
1.818995,-0.8732851,7.728483,-29.54268,-16.79878,-6.516768,0,3.059191,-2.671929,8.292916,-11.41768,-56.37957,5.137195,0,7.032968,-1.678335,10.00477,28.14787,-109.6341,3.056402,0,7.647679,-1.42874,9.407417,27.33232,-101.5168,-9.344512,0,7.974487,-2.055422,5.688025,7.324695,-92.96494,-2.240854,0,8.868123,-1.785476,4.841674,5.205793,-76.30335,0.06859756,0,9.688137,-1.248576,3.515885,-0.472561,-94.39024,-3.955793,0,9.58818,-1.529296,1.37487,4.847561,-93.82623,-4.878049,0,10.37827,-1.240196,1.978209,5.556403,-77.60671,-6.920732,0,9.879075,-1.737592,-0.9277532,10.02287,-60.25153,-0.0152439,0,down
4.35625,-1.191115,7.562086,-5.403964,-160.3735,28.72713,8.631378,8.095394,-1.479018,8.780136,28.33842,-171.8902,-9.29878,0,7.957728,-1.629853,4.577115,-12.66768,-162.6067,-14.87043,0,9.23683,-2.458247,2.385822,-14.98476,-133.1707,-9.535061,0,9.844957,-1.789666,1.416769,-4.939024,-88.61281,-8.254574,0,9.747993,-1.95726,-0.09516952,7.027439,-85.22104,-1.112805,0,10.18254,-2.240973,-1.215057,15.30488,-68.39939,1.371951,0,9.097966,-2.262521,-2.525883,13.6814,-55.35061,-0.152439,0,8.784925,-2.77069,-4.409521,13.86433,-33.13262,-2.317073,0,8.872911,-2.454057,-3.880402,5.685976,-17.08842,-1.135671,0,down
2.012326,-1.444302,7.78355,-21.30335,-1.158537,-15.75457,0,2.604293,-3.362656,8.188768,-48.29268,-2.53811,16.75305,0,2.239776,-2.292448,1.462259,-37.01982,-144.596,-24.48933,0,6.601413,-4.073734,3.038841,43.14024,-217.0122,6.730183,0,9.610326,-2.712032,5.41748,14.63415,-134.9085,-13.91768,0,9.673173,-2.602497,-0.3722984,-59.9314,-169.0092,1.112805,0,8.595184,-2.96881,-0.7817069,51.81403,-214.9848,-23.02592,0,9.387665,-2.634819,-2.841918,13.60518,-101.3872,-11.19665,0,8.431181,-1.904588,-3.902549,8.864329,-89.4436,2.530488,0,7.518392,-2.528876,-5.880159,5.739329,-2.103659,-3.506098,0,down
5.735909,-4.244321,8.655039,68.92531,-151.1281,13.37652,0,7.789535,-3.481169,5.959766,23.91768,-166.9969,1.623476,0,9.335591,-1.103128,7.785944,9.580793,-134.3826,-3.429878,0,9.872491,-1.374272,3.386598,22.01982,-139.6875,-2.065549,0,9.47206,-2.19249,-0.1298854,23.79573,-146.4558,0.3353659,0,9.242816,-1.95726,-1.188123,22.67531,-114.0549,-0.5640244,0,8.896853,-2.513912,-4.085107,9.580793,-94.17683,3.368902,0,8.750807,-1.872266,-4.176086,8.094512,-42.21037,3.414634,0,9.321824,-2.009334,-4.271854,-4.535061,10.80793,-0.3734756,0,7.661446,-2.582745,-4.857835,1.021341,6.783537,1.623476,0,down
3.305794,0.8870517,11.67353,-8.567074,-53.125,-0.3582317,0,3.229778,-3.613449,2.378041,7.096037,-126.5854,-26.12805,0,8.886678,-2.792238,9.667787,52.80488,-173.971,-6.448171,0,9.934141,-2.305616,7.338228,7.835366,-157.7439,6.661585,0,11.69328,-3.765481,8.730456,-30.09146,-59.92378,21.98933,0,9.581595,-2.595315,-0.06823475,3.071646,-141.7607,-7.042683,0,6.196793,-3.032855,-0.7751228,7.728659,-173.5823,2.393293,0,7.269993,-3.036446,-5.670667,-17.37043,-115.968,-30.50305,0,8.271967,-2.734178,-4.458004,2.77439,-57.05793,3.224085,0,7.885303,-2.343325,-5.125387,0.5716463,-16.16616,1.859756,0,down
1.959056,-3.532645,7.152678,-15.71646,-15.22866,-8.285061,0,2.653374,-4.478953,6.900089,-9.801829,-78.87958,-53.77287,0,4.537611,-4.171298,8.166023,22.27134,-77.98019,11.9436,0,6.42484,-2.673725,4.492121,94.8247,-223.9558,-7.919208,0,8.247426,-2.934094,2.661754,16.34146,-148.9634,-18.18598,0,9.703699,-2.221819,0.4560954,10.76982,-187.8354,-7.439024,0,9.747394,-2.201468,-0.6051345,23.75762,-166.8674,-0.3506098,0,9.365519,-2.199074,-2.016516,15.82317,-90.18293,0.3506098,0,8.891466,-2.595315,-2.361281,5.731708,-58.46037,7.629573,0,10.23222,-1.983596,-0.676362,-5.27439,-3.597561,2.126524,0,down
1.268328,-1.868674,9.066243,2.164634,-3.597561,-0.9984756,18.54508,1.407791,-1.546654,9.701305,1.692073,6.417683,-3.079268,12.99566,1.736395,-1.587954,10.09814,-1.753049,4.245427,0.5182927,3.660065,1.467047,-2.241571,10.00178,-11.02134,13.72713,6.532012,0,1.000178,-1.388637,2.442086,-32.8125,-152.9192,-16.78354,0,9.133281,-1.13126,16.03098,4.397866,-224.7866,-8.704268,2.347198,8.789114,-2.73777,4.946421,6.440549,-167.7058,4.504573,0,8.842984,-1.991976,-3.795408,0.7012195,-232.5991,-2.22561,0,10.09874,-1.954866,0.9217676,11.15092,-129.8247,8.285061,0,8.839393,-2.206856,-3.248932,8.589939,-150.7393,5.022866,0,down
4.409521,-2.498948,7.753024,19.05488,-100.3506,18.13262,0,7.528567,-2.398391,9.855133,20.04573,-154.3979,11.82165,0,7.595605,-1.607108,4.532224,10.8689,-128.1021,17.37043,0,9.07163,-2.941875,2.120664,35.0,-167.0656,12.80488,0,10.45787,-2.108095,2.179322,4.634146,-109.2683,6.181403,0,9.872491,-2.621052,0.3788824,6.021342,-69.46647,3.315549,0,9.243414,-2.974796,-2.406173,6.760671,-63.6433,3.757622,0,9.233837,-2.637213,-1.892616,3.681402,-38.31555,2.858232,0,9.473258,-2.764704,-2.183512,-2.408537,-3.346037,-0.320122,0,8.907627,-2.679112,-2.752733,-3.330793,1.295732,-1.532012,0,down
1.954267,-2.41575,7.940969,1.493902,-83.80335,-5.396342,0,7.078457,-3.350685,16.60977,31.6311,-183.2088,3.833842,0,6.1938,-1.604115,5.905897,35.16006,-206.6997,17.45427,0,9.974244,-1.496376,9.795877,21.09756,-166.4634,12.43902,0,9.074024,-1.67654,4.555567,14.95427,-85.97561,10.21342,0,10.05625,-3.180098,1.519121,15.16006,-47.51524,-3.178354,0,9.675568,-2.678513,0.5093664,5.07622,-82.8125,0.6859756,0,9.325416,-2.691083,-1.088763,13.09451,-84.42835,-0.8079268,0,8.975264,-2.610278,-2.181118,2.842988,-54.91616,6.105183,0,8.866926,-2.704251,-2.139818,0.1219512,-28.39177,3.452744,0,down
4.539406,-2.495955,7.884705,47.75915,-203.3003,4.41311,0,6.862979,-2.685097,7.61835,-4.115854,-152.7896,3.216464,0,6.525995,-3.461417,1.584363,-7.477134,-177.3476,10.71646,0,9.854534,-2.630629,3.942053,25.625,-130.1219,10.32012,0,10.09515,-2.706047,1.678335,17.89634,-137.0351,17.21037,0,9.721656,-2.565387,-0.9498995,12.03506,-100.4726,5.952744,0,9.540296,-3.145981,-2.404976,12.07317,-77.69817,6.265244,0,8.911219,-3.281253,-2.154183,5.068598,-44.39787,-0.4878049,0,8.610746,-3.360262,-3.227384,-0.4344512,-18.62043,-0.06859756,0,8.588001,-3.390788,-3.908534,-3.818598,3.064024,-2.339939,0,down
0.6602011,-1.483807,8.248624,-9.291159,0.3810976,-1.28811,0,1.062427,-1.802834,7.004836,-23.97866,-33.75762,3.39939,0,6.500257,-2.396596,12.37862,9.931402,-241.5015,32.37805,0,7.20116,-1.984195,6.776788,-14.60366,-249.7561,15.80793,0,9.787497,-1.219846,5.33907,-20.67835,-92.05793,10.0,0,9.833585,-2.771288,1.604115,15.73933,-167.2332,8.224086,0,8.801085,-3.270479,-2.281674,18.85671,-146.9588,2.8125,0,9.069835,-3.02268,-2.161366,5.487805,-69.12347,5.830793,0,9.341577,-3.293224,-2.983175,11.05183,-76.37958,0.0152439,0,8.45213,-2.641403,-2.828151,-0.6402439,-46.21951,0.3277439,0,down
2.644396,-2.050634,9.366715,1.935976,-86.13567,11.43293,0,3.745728,-2.639607,7.852383,17.94207,-148.5747,0.2667683,0,6.56131,-2.026093,7.386711,-3.285061,-164.2149,0.5106707,0,7.791929,-2.451663,3.852271,18.55945,-160.2363,27.33994,0,8.890868,-2.668936,1.836353,18.73476,-136.4634,20.41921,0,9.037513,-2.145803,0.2214637,4.588415,-133.3308,8.429878,0,9.802461,-2.173337,0.1981202,9.984756,-112.9573,5.922256,0,9.828198,-2.110489,-0.9498995,-1.440549,-90.02287,6.745427,0,8.834604,-2.598906,-3.548805,-6.760671,-70.18293,9.214939,0,8.845378,-2.337938,-2.88621,-5.152439,-27.77439,-0.6859756,0,down
4.976348,-1.642422,6.83784,9.992378,-135.846,-0.8765244,0,6.545747,-2.640805,5.524621,4.847561,-153.3689,21.36433,0,9.103952,-2.036867,5.175665,-2.919207,-138.4756,15.97561,0,8.926781,-1.489193,1.772906,12.15701,-131.8826,16.83689,0,9.441534,-2.549825,0.5566519,19.6189,-114.154,0.8155488,0,9.88506,-2.328361,-1.927931,10.88415,-119.154,2.027439,0,8.932168,-2.518102,-3.081936,4.992378,-78.55183,-2.339939,0,8.22109,-2.642002,-4.106655,0.2972561,-55.4878,1.577744,0,8.368932,-2.586336,-4.666299,10.20579,4.870427,-1.128049,0,8.400655,-2.59711,-4.458004,9.489329,0.9603659,5.022866,0,down
1.827374,-1.086369,8.529943,-27.43903,19.74848,-14.65701,0,1.753753,-2.144008,8.265383,-12.11128,-35.8308,-0.1753049,0,3.208829,-1.37487,1.954267,17.39329,-171.7607,10.60213,0,9.928755,-1.365294,8.145673,8.292683,-249.7561,54.66463,0,9.986216,-2.284667,4.122815,-4.794208,-211.814,34.94665,0,9.190742,-2.369063,-1.714248,6.028964,-136.8902,8.140244,0,9.287707,-2.268506,-1.699285,4.977134,-109.1616,-3.125,0,9.120112,-2.782661,-3.919308,-2.865854,-30.96037,-5.205793,0,8.905233,-2.3948,-5.065532,-10.40396,-14.45122,-4.375,0,8.805275,-2.1057,-3.81935,-3.498476,3.117378,-1.646341,0,down
2.586336,-1.759738,9.667787,-20.19055,-9.748476,4.580793,0,4.821324,-1.811214,10.55843,52.13415,-148.1021,42.99543,0,8.371326,2.512116,9.489418,-21.32622,-145.8537,-0.3810976,0,9.713875,-1.606509,7.463924,-22.28659,-248.7424,51.76067,0,9.233239,-0.949301,3.852271,16.47866,-249.7561,24.22256,0,10.2837,-1.416769,-2.3122,14.1997,-130.8384,5.625,0,9.41879,-1.781286,-1.780688,8.803354,-97.24085,2.858232,0,8.994417,-2.104503,-3.961805,-27.75915,-4.314024,-14.83232,0,7.794922,-2.112284,-5.678448,11.34146,-4.458842,-1.585366,0,8.374918,-1.943493,-4.744111,-5.625,-0.8841463,3.094512,0,down
6.682816,-2.269105,7.121553,-24.35213,-186.6921,24.00915,0,7.237073,-0.5428853,4.334702,-9.900915,-138.0793,11.92835,0,8.862138,-2.673725,1.143231,-8.246951,-181.8445,24.83994,0,9.607931,-2.421136,1.426944,7.896342,-120.9985,8.414635,0,8.720282,-3.19207,-2.017714,13.07165,-116.8064,-3.795732,0,9.348161,-2.703054,-3.372233,2.995427,-72.76677,-9.352135,0,8.698134,-2.775478,-4.41012,2.705793,-58.33842,-5.746952,0,8.286332,-2.68809,-5.060744,-1.341463,-38.9939,-6.554878,0,8.256405,-2.502539,-5.154716,-1.471037,-12.24848,0.1219512,0,7.951742,-2.351705,-5.668272,-2.713415,-8.185976,0.7393293,0,down
7.5561,-2.272696,11.16955,0.05335366,-249.7561,34.375,0,8.289924,-0.4046201,8.366538,11.47104,-235.0838,28.38415,0,9.66659,-1.640627,6.426037,28.11738,-103.9863,-9.565549,0,10.83496,-2.77069,0.2376245,-1.112805,-134.9467,-2.088415,0,9.537302,-2.528277,-2.301426,3.407012,-130.5793,-1.341463,0,8.86513,-1.881843,-1.895609,5.884147,-81.91311,2.46189,0,9.066243,-2.231995,-3.113659,1.356707,-57.29421,-8.140244,0,8.583213,-2.088342,-4.095282,-1.95122,-35.37348,-1.768293,0,8.384495,-2.070984,-4.453215,-4.33689,-4.123476,-2.416159,0,8.181585,-2.281674,-5.018845,-1.036585,-4.047256,1.623476,0,down
3.033453,-1.868674,10.6949,21.90549,-98.97866,-14.47409,0,3.928885,-3.508703,7.537546,29.55793,-159.032,-9.077744,0,6.798934,-1.704073,5.518635,-4.76372,-162.9649,11.65396,0,8.114548,-0.1107318,5.77661,13.45274,-117.5915,15.19055,0,9.74859,-1.739986,3.472191,52.9878,-179.4207,5.228659,0,9.827001,-1.505953,-0.5177461,24.04726,-196.5777,13.47561,0,9.595961,-1.844732,-1.385644,5.320122,-130.1753,9.664635,0,10.1161,-2.15119,-2.710236,0.1143293,-67.26372,2.637195,0,8.116942,-1.952472,-4.766856,-2.256098,-48.6128,0.7164635,0,6.98628,-2.492364,-6.476914,-4.115854,-38.44512,-0.8612805,0,down
4.296395,-1.076194,7.592013,-23.65854,-100.6936,18.37652,0,7.478888,-1.543662,6.555923,18.40701,-249.7561,59.39787,0,10.81341,-0.5057751,6.996456,9.344512,-162.6906,35.48018,0,9.705495,-1.902792,2.07697,10.8689,-101.471,12.58384,0,9.688736,-2.081758,0.171784,6.48628,-155.6021,14.71799,0,9.190144,-2.162563,-2.194286,-1.280488,-119.718,3.277439,0,8.881889,-2.351106,-4.662109,-5.769817,-102.3018,0.3963415,0,8.507197,-2.321777,-4.647744,-1.486281,-40.0686,-0.2210366,0,8.145673,-2.427122,-5.221754,-6.067073,-25.32012,0.464939,0,7.344213,-2.433706,-6.396708,-2.644817,-17.92683,1.356707,0,down
4.183269,-1.116297,7.518392,19.5503,-150.7088,7.881098,0,6.770802,-2.819771,6.022016,-7.416159,-191.7302,23.60518,0,6.21415,-1.759738,2.601899,21.40244,-152.9649,22.5686,0,9.390059,-1.575385,2.63422,17.60671,-152.1265,18.82622,0,9.606135,-2.094328,-0.05566519,4.969512,-159.4436,18.41463,0,9.919776,-1.768118,-0.6787562,8.567074,-129.4588,10.60976,0,9.309255,-1.860295,-2.507926,-2.439024,-89.18446,3.262195,0,9.059659,-2.299631,-3.743933,-0.7012195,-45.06098,0.2667683,0,9.069835,-1.929727,-4.341286,1.044207,-29.73323,1.32622,0,8.503606,-1.986589,-4.31495,0.8155488,-20.46494,3.589939,0,down
0.9654618,-1.291073,5.309741,6.01372,-170.7241,-10.8689,0,5.522226,-2.722806,8.318055,-29.00153,-205.7088,-3.155488,0,6.801329,-2.554613,5.94181,-20.07622,-107.9192,-0.6402439,0,8.961497,0.137068,6.782773,24.94665,-119.0473,11.05183,0,9.690532,-1.443704,3.21242,18.11738,-123.9787,1.189024,0,9.460688,-1.843535,-0.08978256,-8.910061,-199.6494,33.78049,0,9.809643,-2.079963,-0.9181764,16.01372,-124.5579,-0.2667683,0,9.28651,-2.075174,-3.844489,5.518293,-73.71189,-6.829268,0,9.073426,-2.336142,-5.928043,-0.5640244,-89.33689,-5.472561,0,7.974487,-2.00275,-5.594052,-4.710366,-43.37653,-0.9984756,0,down
0.8900445,-4.235941,10.24419,-18.52134,29.05488,49.8933,0,0.171784,0.7715315,10.75475,2.309451,61.34909,68.73476,0,-0.6721721,1.682525,9.810242,57.47713,-22.76677,71.3186,0,-0.3274071,0.3154361,8.251018,112.1113,10.16768,78.28506,0,-0.1077391,0.4046201,8.730456,106.5168,82.55335,113.6738,0,-0.6051345,6.045359,8.222886,114.314,56.70732,123.1021,18.94441,-0.7433996,8.146272,6.736685,67.34756,41.4253,98.71951,0,0.6015432,6.716334,5.937022,47.61433,32.1189,84.36738,16.90803,1.452083,8.779537,6.491878,36.9436,56.21189,81.50915,26.84042,1.145625,9.233239,4.308366,8.841464,33.58994,38.56707,0,left
0.2549825,-4.728549,8.884883,71.82165,9.0625,159.7485,0,-0.8948329,2.707842,6.701969,97.65244,19.39787,141.9284,0,-0.861314,3.128623,9.196728,78.97104,45.35061,111.2195,0,-0.8690952,4.44304,7.775769,78.49085,25.59451,131.8674,0,0.03890578,4.27365,8.31207,115.8079,29.74848,157.157,23.97311,1.279701,7.058106,8.227076,69.13872,88.70427,125.2668,22.35197,1.553238,6.077681,5.170279,33.0564,80.22866,131.7607,0,1.433528,8.892065,4.432865,3.08689,27.24848,80.68597,0,1.45328,10.10353,3.819949,-18.4375,2.660061,15.65549,0,1.762731,6.484695,4.16651,-13.97104,-5.251524,-17.14177,0,left
1.410783,-2.955642,9.639654,14.93902,9.230184,62.45427,0,0.9074024,-1.21805,9.536704,49.0625,26.04421,90.625,0,0.1466449,1.9405,8.012196,76.875,54.13872,134.2759,0,-0.2136825,1.186926,9.075222,58.71951,54.21494,125.5793,0,-0.7386112,2.277484,7.107786,66.66921,51.01372,112.3323,0,0.6212954,1.82498,7.637504,84.67226,54.96951,142.4771,0,0.8146271,6.87076,5.423465,93.0564,60.32012,163.8262,19.55399,1.495778,8.125322,6.878541,49.34451,16.46342,119.1921,0,1.805827,8.605359,6.512228,21.28049,14.46646,62.9497,0,2.594716,7.043143,6.243479,-0.6097561,12.78963,33.65854,0,left
0.7433996,5.09546,8.689755,38.71951,17.00457,72.41616,0,0.5931635,3.038242,6.757634,39.59604,15.01524,69.42835,0,0.3645172,7.674015,6.111798,33.49086,47.06555,96.18903,0,0.9457096,4.372411,6.221931,89.93903,62.03506,99.46647,0,0.1939303,10.04487,4.322731,33.37653,29.83232,79.92378,0,1.622072,6.745663,6.547543,37.92683,8.490854,84.94665,0,2.680309,6.085462,6.271611,40.77744,3.498476,77.46189,0,2.846706,7.614758,5.544971,59.05488,23.11738,64.67226,0,3.388394,6.442797,6.097433,7.5,13.20122,16.95884,0,2.993949,8.471883,5.079299,6.935976,6.707317,1.219512,0,left
1.112107,-3.401562,7.983466,24.57317,-33.73476,102.6829,0,1.159392,-2.646191,7.993042,48.39177,-4.0625,92.91159,0,1.189918,-0.0784101,9.988011,63.85671,11.02896,87.78963,0,1.487996,-1.131859,11.18691,66.23476,10.0,83.26982,0,0.9822212,0.2962825,9.950901,65.17531,8.917684,85.87653,0,1.346738,-0.6021418,7.756016,82.7058,12.58384,114.1463,0,1.311424,2.187702,8.133103,60.68598,30.72409,100.3735,0,1.631648,5.152921,9.115923,62.28659,48.07927,132.4924,0,2.315792,5.203797,6.989872,90.99085,19.17683,139.0244,0,2.066795,8.264186,6.634932,55.5183,37.37805,85.29726,0,left
2.264915,-3.863045,9.568427,-0.2972561,-18.53658,3.841464,0,3.124433,-9.382876,9.312247,160.7469,-40.96799,218.8796,0,4.174889,9.230844,4.555567,160.4726,-9.817074,249.7485,0,3.117849,1.619079,9.16261,61.53963,6.730183,110.7088,9.882462,3.75351,2.698265,10.10174,83.71189,30.58689,99.36738,10.6066,3.323152,5.562928,7.735067,95.38873,41.20427,91.97409,0,3.415927,5.615002,7.995437,78.20122,16.61585,86.23476,0,3.991134,6.347029,7.957728,51.67683,17.15701,65.44208,0,4.23235,7.039552,5.969343,33.11738,-2.873476,43.90244,0,5.142147,6.373963,8.965088,23.2622,2.522866,24.00153,0,left
2.191892,-3.805584,11.13304,23.64329,-3.948171,31.03659,0,1.996166,-3.032855,8.890868,91.27287,-5.830793,145.6631,0,4.452018,-1.194707,7.960721,204.5884,51.05945,249.7485,0,2.042853,0.2914941,7.989451,134.3521,20.71646,143.3613,0,1.71784,0.9570822,7.235876,84.42073,3.673781,87.55335,0,2.277484,4.284424,7.965509,86.4939,10.67073,89.35213,0,3.244143,5.263054,7.211336,91.22713,28.83384,101.5549,0,3.630807,5.660491,7.216722,84.07774,40.91463,83.91006,0,4.340089,9.79827,6.785168,72.68293,52.6753,64.1997,0,3.931878,8.234857,3.844489,41.59299,51.89787,40.82317,0,left
2.500744,-3.320159,11.69927,0.6402439,-10.09146,-16.44817,0,1.890222,-4.892551,8.668207,35.8003,-14.39787,38.71951,0,3.970185,-1.251569,9.159617,126.6082,46.05945,219.6189,0,3.687071,8.336012,3.57155,154.4665,71.98171,249.7485,0,1.969829,5.838261,9.259575,77.84299,29.21494,112.904,0,2.009932,5.044583,8.215703,79.77897,21.45579,107.1189,0,2.828151,7.425617,8.591593,63.17073,43.08689,105.625,0,3.348291,6.620566,6.370971,120.6555,67.92683,122.279,0,4.398149,7.107188,5.999869,133.4146,75.99085,91.75305,0,3.924097,9.69951,3.479972,64.05488,44.79421,81.79116,22.46498,left
2.884414,-3.143587,9.352949,-9.504574,23.15549,-12.34756,0,2.68809,-2.819771,9.518148,50.3125,90.76982,86.4558,0,1.696292,-4.923676,10.1987,128.3384,66.25762,232.6448,0,3.331532,0.8439561,10.99836,157.2561,47.10366,249.7485,0,2.569577,5.047576,10.79127,77.82774,36.6997,147.3857,0,4.005499,6.014235,8.944139,96.98171,41.09756,152.0274,0,4.794389,7.524976,7.420828,93.03354,46.57012,118.4604,2.398155,5.051167,6.708553,5.430648,115.0991,54.58842,75.81555,1.894333,4.518457,7.314286,4.227561,63.78049,42.31707,47.35518,8.362083,4.29041,8.623316,2.933496,16.75305,17.44665,26.78354,0,left
0.6224924,1.170765,10.3627,-19.52744,4.92378,-25.52592,0,0.01735796,1.389834,9.890448,1.448171,-3.483232,-3.178354,0,0.1939303,2.221221,9.333197,-38.77287,-5.708842,-33.49086,0,1.841141,-6.223727,16.61995,40.65549,146.5854,143.7729,0,-0.4255693,5.425261,5.126585,176.7607,74.05488,249.7485,0,-1.272518,3.199851,6.167464,72.46951,12.07317,142.0808,0,0.7433996,5.956175,8.511387,116.1662,56.4558,156.4787,0,2.498349,8.834604,2.983175,117.4848,51.82165,146.0518,0,3.204639,9.870695,2.20506,69.8247,49.46646,82.3247,20.59918,3.301604,9.057265,1.540669,23.86433,20.67073,16.84451,20.38713,left
2.548628,-3.023278,12.05481,78.15549,54.23018,112.9954,0,3.364452,-1.25516,10.54466,175.6021,190.1677,245.0381,0,0.6141128,7.838616,5.820903,102.7591,58.55945,133.6433,0,0.973243,6.95336,4.712986,93.52135,27.04268,104.1311,0,2.360683,5.398925,8.350377,92.68293,40.96799,112.5229,16.72157,2.648586,8.462306,4.15813,112.5838,68.9558,82.52287,0,3.478775,6.663064,1.683722,119.7027,78.96342,102.1723,0,3.872023,9.102755,2.281674,55.27439,52.17226,37.54573,20.59918,4.398149,9.92636,2.290054,28.5747,48.76524,16.1814,24.21179,4.043807,8.891466,2.699462,-4.778964,-5.259147,-2.728659,0,left
-1.471237,-1.283292,7.37055,123.2012,45.56403,170.1067,0,-0.9325416,2.579752,8.44375,112.2942,45.67836,154.7485,0,0.260968,5.711967,7.508216,101.5854,57.77439,132.6143,0,1.079186,6.936002,6.645107,89.8247,68.59756,132.5686,0,2.148197,8.283937,4.618415,95.72409,74.36738,112.8659,0,2.533664,7.990648,4.22397,64.56555,64.27592,83.66616,0,3.075951,9.706094,2.069189,40.27439,42.30945,63.91006,25.55769,4.008492,9.938332,4.423288,38.20884,24.94665,24.26067,23.85447,2.982577,9.566033,2.406771,5.23628,4.92378,5.266768,16.35243,3.371634,10.00896,1.912967,-2.362805,-2.57622,-6.60061,0,left
1.648408,-0.8565256,9.396643,-7.080793,-4.580793,-2.492378,0,1.510143,-1.584962,9.667188,-12.46189,14.71799,-1.714939,0,1.782483,0.3321955,9.139865,15.36585,10.50305,5.480183,0,1.015141,-1.002572,9.184157,66.60823,2.096037,40.84604,0,1.573589,-1.774103,9.676167,107.6448,90.91463,136.8064,0,1.379659,3.631405,6.692392,160.8079,151.1662,224.5122,0,0.5644331,5.982512,6.403293,107.5534,89.96951,124.2607,0,1.327585,8.589199,4.001309,122.843,94.90854,157.0579,21.46278,2.070386,7.860763,4.726753,113.6966,57.6372,107.4619,3.444374,2.611475,8.793902,0.3441665,90.25915,79.32165,93.90244,0,left
0.7643489,2.254141,8.19236,147.5,166.3948,154.5808,0,0.03950433,5.291784,5.690419,131.0594,97.80488,174.2531,0,0.7954735,6.680421,8.121731,90.5564,65.09909,129.2607,0,0.8762778,8.292916,5.00448,77.42378,66.92835,101.3643,0,2.143409,8.517372,5.679645,94.09299,90.22866,97.23323,10.97684,2.713229,8.705916,4.12102,65.73933,75.44208,93.83385,5.472404,3.50571,10.24599,1.246182,62.71342,69.77134,83.36128,21.02785,3.210624,9.163807,1.250372,28.98628,41.31098,38.0183,25.6829,4.043807,8.871116,1.306037,15.96799,26.85976,19.31402,0,3.91871,8.537724,1.578377,2.202744,1.707317,4.466464,0,left
1.061828,3.465008,9.08001,106.7454,127.2104,167.3857,0,0.2621651,7.114969,8.520366,80.73171,70.0686,145.8994,0,0.5285201,6.822278,6.849213,68.73476,41.17378,125.7927,0,0.8846575,6.071695,5.278616,46.90549,55.00762,114.657,0,1.932121,5.040393,6.136339,102.7973,82.48476,111.2729,0,2.356493,6.80073,6.321291,62.98018,83.78049,109.6113,0,2.571971,7.576451,6.891111,38.93293,79.10061,87.2561,7.963837,3.104681,8.121132,4.043807,21.47104,5.297256,51.77592,16.16969,2.712631,9.537901,3.32375,-12.30945,11.18902,13.92531,22.1272,3.082535,8.474277,3.159149,-11.73781,-4.329268,-2.911585,22.46498,left
0.5315128,-2.676119,10.17057,-71.91311,13.32317,74.43597,0,1.684919,-1.355118,13.73853,131.9055,89.18446,174.2988,0,-0.4279635,4.901529,9.595362,92.85823,38.04878,152.1494,0,0.09636662,2.65517,8.548497,98.14024,45.27439,129.4893,0,0.5895722,4.79379,8.620323,74.77134,44.03963,124.9238,0,1.454478,5.916671,9.747993,80.625,60.94512,121.8979,0,1.674744,4.756082,8.917803,83.87196,91.48628,117.8582,0,2.401983,8.040328,6.810307,69.87805,57.97256,100.404,0,2.06021,8.803479,4.721366,37.10366,61.08232,66.54726,0,2.255937,8.889072,3.602675,4.657012,9.786586,37.82012,0,left
0.9379285,1.564012,6.95336,132.2942,113.6662,206.9893,0,-0.4345476,5.233126,6.697779,139.436,51.54726,136.2119,0,0.8086416,5.573103,9.238028,118.186,62.8811,142.439,25.6829,1.675343,8.106767,7.800908,83.96342,66.74543,105.6326,0,2.223615,8.100781,6.20996,67.27896,63.39177,85.5183,27.76345,2.569577,8.213907,5.920861,36.69207,74.48171,75.32774,0,3.461417,10.60033,3.37343,28.30793,30.96799,49.74848,0,3.306392,9.756371,3.466804,-3.894817,-2.332317,16.82165,0,3.533243,8.45213,3.541024,2.865854,6.463415,1.471037,0,3.217807,9.105747,2.752135,0.8765244,-4.039634,0.2515244,0,left
0.7505822,1.392228,12.469,37.90396,65.63262,99.09299,0,0.7852982,0.8577228,10.42256,92.14939,61.77592,162.7287,0,-0.1801637,6.406285,6.429629,94.93903,73.23171,115.1143,0,0.9289502,3.98455,7.503428,103.2012,55.54116,132.439,0,0.6506243,8.157643,5.351041,83.74238,52.27134,110.1067,0,1.06542,8.302493,5.597045,105.1296,76.4558,72.01982,0,1.323994,7.299921,6.725313,46.12805,92.7439,67.30946,0,1.490989,9.832388,4.542998,36.89024,61.95884,58.70427,0,2.032079,9.502586,4.003704,17.11128,35.1372,32.41616,0,2.340332,9.866506,2.45286,2.324695,12.24848,28.10976,27.76345,left
0.3519476,-0.1765724,8.497022,84.77135,22.24085,121.0442,0,0.9451111,4.189853,9.163208,120.8079,22.05793,116.5549,0,1.728614,6.069301,8.407239,95.06097,42.26372,101.5625,0,2.45286,6.354211,9.165004,77.37805,68.22409,94.93903,0,2.663549,7.214927,7.617751,90.56403,60.32774,87.7058,0,2.77069,6.746262,6.795343,106.4253,74.03201,72.19512,0,2.506729,7.627328,2.681506,117.3171,25.7622,65.50305,0,3.073556,7.966706,2.953846,61.21189,51.77592,42.00457,31.8822,2.884414,9.651027,1.247379,25.99848,27.49238,26.92835,26.84042,3.632004,9.391854,2.955044,13.04116,27.7439,19.08537,22.46498,left
2.384625,1.079186,11.59272,124.7713,114.9848,112.5534,0,0.8661024,4.104859,7.772177,140.1524,108.9024,127.7591,0,0.8487445,6.324883,7.511808,88.67378,85.33537,106.2119,0,0.4519056,7.66384,5.24809,78.42988,85.21342,95.98323,0,1.51134,6.545149,6.882731,76.21189,102.5838,95.5183,0,1.95307,7.563882,4.839879,54.79421,102.6296,85.06097,0,1.656189,9.405023,2.697667,14.65701,85.90701,57.94207,0,2.03148,8.895657,3.523666,3.940549,52.54573,48.78811,0,2.900575,9.349957,5.166687,10.60976,13.71189,29.7561,0,2.519897,10.13944,4.026449,-11.22713,5.960366,5.205793,0,left
0.6224924,-1.247379,11.15099,60.1753,24.79421,88.98628,0,0.8589199,0.5710171,11.22761,105.2896,55.76982,103.6433,0,0.3938462,3.841497,8.552089,114.657,73.75762,122.9116,0,0.6602011,4.841076,8.336012,88.17835,52.85823,115.968,0,1.295263,5.773019,8.619724,84.78659,69.59604,116.6692,0,1.715446,7.914632,5.682638,75.92988,70.59451,110.5259,0,2.561197,8.774151,4.902128,55.41921,92.3933,100.7622,0,2.954445,8.134899,4.683657,40.99086,51.43293,91.04421,0,3.038841,9.03452,5.604228,9.862805,9.382622,60.57927,0,3.1382,8.520366,3.513491,-3.978659,2.995427,21.92835,0,left
1.293468,1.646014,10.21067,32.97256,19.63415,39.47409,0,1.27192,1.246781,9.130887,62.53811,70.03811,108.8415,0,1.207276,2.621052,8.374918,98.80335,94.04726,132.4695,0,1.53588,5.901707,8.48146,92.49238,84.07774,126.4558,0,1.26354,7.107786,6.357204,93.87196,97.59147,129.6342,0,1.224036,7.75841,5.699397,79.72561,78.45274,110.6021,0,2.03986,7.354988,5.466561,73.30793,61.53963,93.4375,0,2.655768,7.986458,5.233126,43.66616,66.34909,79.80946,0,3.468001,8.453327,5.211578,17.17226,50.2439,61.13567,0,3.446453,7.912837,2.683301,6.989329,-8.833841,42.91159,0,left
0.4782418,0.3309984,9.424775,-25.34299,10.01524,9.428354,0,0.4381389,1.45328,10.62487,26.39482,36.84451,76.30335,0,1.05704,-0.700304,9.785701,43.98628,66.42531,141.0518,0,0.7080852,4.510676,8.401853,68.04878,61.92836,147.3704,0,0.4800375,5.617396,7.9278,79.72561,65.28201,108.0716,0,0.5949592,5.531205,7.602189,74.42073,55.16006,101.0366,0,0.6937199,6.909666,6.90787,56.50153,51.66921,82.10366,0,1.312621,7.303512,6.369773,61.43293,71.05183,92.84299,0,2.124255,8.889072,5.031415,32.07317,72.46951,72.78201,0,2.228403,9.172187,3.390788,28.22409,52.61433,61.25762,0,left
0.3537433,1.829769,9.762956,2.202744,-0.3353659,7.713415,0,0.08858546,1.88304,9.445126,3.742378,-1.486281,0.4573171,0,-0.04608838,3.808576,9.569624,16.50915,14.74085,2.782012,0,0.1077391,2.183512,7.225701,74.41311,159.4207,158.4223,0,0.1095347,7.124546,7.32087,84.07774,84.03201,187.0732,0,0.2053028,6.752846,9.624092,73.83384,78.11738,114.9619,0,1.289278,6.90787,9.490017,51.46342,93.06403,112.0579,0,1.59394,6.034585,7.080253,44.20732,78.70427,101.9436,0,1.872864,8.029554,5.9873,62.22561,70.16006,99.47409,0,1.944092,8.705317,5.116409,26.40244,66.61585,73.10976,0,left
-0.5482722,2.294244,6.710948,67.54573,39.64939,153.4604,0,-0.647033,6.649895,6.51582,56.68445,31.98171,124.1463,0,-0.4728548,5.679047,5.88375,47.51524,40.32012,95.36585,0,0.5099649,6.403891,8.08462,36.44817,82.12653,96.68446,0,1.452682,5.573701,8.761581,34.45122,80.1372,85.28201,0,2.081758,5.035605,10.10293,35.14482,87.69055,108.6662,0,1.367089,9.992201,3.696049,41.28049,78.5061,109.4131,0,0.5895722,9.235035,0.7194576,12.7439,35.3811,80.25915,0,2.020706,7.877522,4.282628,0.4344512,24.24543,65.05335,0,2.970007,7.561488,6.826468,-0.4801829,5.731708,38.03354,0,left
